x-axis,1,2
second,Volt,Volt
-202.00E-06,+139.96231E-03,+1.46114955E+00
-201.00E-06,+132.92714E-03,+1.46114955E+00
-200.00E-06,+176.64573E-03,+1.46114955E+00
-199.00E-06,+164.08291E-03,+1.46366211E+00
-198.00E-06,+116.84673E-03,+1.46366211E+00
-197.00E-06,+172.62563E-03,+1.45863698E+00
-196.00E-06,+184.68593E-03,+1.46114955E+00
-195.00E-06,+136.44472E-03,+1.46114955E+00
-194.00E-06,+144.98744E-03,+1.46114955E+00
-193.00E-06,+180.66583E-03,+1.46114955E+00
-192.00E-06,+160.06281E-03,+1.46114955E+00
-191.00E-06,+120.36432E-03,+1.46114955E+00
-190.00E-06,+176.64573E-03,+1.45863698E+00
-189.00E-06,+184.68593E-03,+1.46114955E+00
-188.00E-06,+132.42462E-03,+1.46114955E+00
-187.00E-06,+153.02764E-03,+1.46114955E+00
-186.00E-06,+184.68593E-03,+1.46114955E+00
-185.00E-06,+156.04271E-03,+1.46114955E+00
-184.00E-06,+120.36432E-03,+1.46114955E+00
-183.00E-06,+164.58543E-03,+1.46366211E+00
-182.00E-06,+165.08794E-03,+1.46366211E+00
-181.00E-06,+112.32412E-03,+1.46114955E+00
-180.00E-06,+148.50502E-03,+1.44356161E+00
-179.00E-06,+176.64573E-03,+1.44356161E+00
-178.00E-06,+139.96231E-03,+1.46114955E+00
-177.00E-06,+132.42462E-03,+1.44356161E+00
-176.00E-06,+188.70603E-03,+1.46114955E+00
-175.00E-06,+188.70603E-03,+1.46114955E+00
-174.00E-06,+135.94221E-03,+1.46114955E+00
-173.00E-06,+173.63065E-03,+1.46114955E+00
-172.00E-06,+200.76633E-03,+1.47873748E+00
-171.00E-06,+160.06281E-03,+1.46114955E+00
-170.00E-06,+144.48492E-03,+1.46114955E+00
-169.00E-06,+184.18342E-03,+1.46114955E+00
-168.00E-06,+172.12311E-03,+1.46114955E+00
-167.00E-06,+116.34422E-03,+1.45863698E+00
-166.00E-06,+164.58543E-03,+1.46114955E+00
-165.00E-06,+176.64573E-03,+1.46114955E+00
-164.00E-06,+131.92211E-03,+1.44356161E+00
-163.00E-06,+136.94724E-03,+1.46114955E+00
-162.00E-06,+173.12814E-03,+1.46114955E+00
-161.00E-06,+160.06281E-03,+1.46114955E+00
-160.00E-06,+116.34422E-03,+1.47873748E+00
-159.00E-06,+168.60553E-03,+1.46114955E+00
-158.00E-06,+180.66583E-03,+1.46114955E+00
-157.00E-06,+127.90201E-03,+1.46114955E+00
-156.00E-06,+144.98744E-03,+1.46114955E+00
-155.00E-06,+180.66583E-03,+1.46114955E+00
-154.00E-06,+156.04271E-03,+1.46114955E+00
-153.00E-06,+124.88693E-03,+1.46114955E+00
-152.00E-06,+177.14824E-03,+1.46114955E+00
-151.00E-06,+184.18342E-03,+1.46114955E+00
-150.00E-06,+127.90201E-03,+1.46114955E+00
-149.00E-06,+152.52513E-03,+1.44356161E+00
-148.00E-06,+180.16332E-03,+1.46114955E+00
-147.00E-06,+148.00251E-03,+1.46114955E+00
-146.00E-06,+124.88693E-03,+1.46114955E+00
-145.00E-06,+180.66583E-03,+1.46114955E+00
-144.00E-06,+176.64573E-03,+1.47622492E+00
-143.00E-06,+127.90201E-03,+1.46114955E+00
-142.00E-06,+160.56533E-03,+1.46114955E+00
-141.00E-06,+180.66583E-03,+1.46114955E+00
-140.00E-06,+140.46482E-03,+1.46114955E+00
-139.00E-06,+128.90703E-03,+1.44356161E+00
-138.00E-06,+176.64573E-03,+1.45863698E+00
-137.00E-06,+168.10301E-03,+1.46114955E+00
-136.00E-06,+120.36432E-03,+1.46114955E+00
-135.00E-06,+173.63065E-03,+1.46114955E+00
-134.00E-06,+200.76633E-03,+1.46114955E+00
-133.00E-06,+160.06281E-03,+1.46114955E+00
-132.00E-06,+153.02764E-03,+1.47873748E+00
-131.00E-06,+193.22864E-03,+1.46114955E+00
-130.00E-06,+176.64573E-03,+1.46114955E+00
-129.00E-06,+128.40452E-03,+1.46114955E+00
-128.00E-06,+173.12814E-03,+1.46114955E+00
-127.00E-06,+188.70603E-03,+1.46114955E+00
-126.00E-06,+135.94221E-03,+1.46114955E+00
-125.00E-06,+140.96734E-03,+1.46366211E+00
-124.00E-06,+177.14824E-03,+1.46114955E+00
-123.00E-06,+152.02261E-03,+1.46114955E+00
-122.00E-06,+116.34422E-03,+1.46114955E+00
-121.00E-06,+168.60553E-03,+1.46366211E+00
-120.00E-06,+176.64573E-03,+1.46114955E+00
-119.00E-06,+124.38442E-03,+1.46114955E+00
-118.00E-06,+148.50502E-03,+1.46114955E+00
-117.00E-06,+176.64573E-03,+1.46114955E+00
-116.00E-06,+148.50502E-03,+1.46114955E+00
-115.00E-06,+124.88693E-03,+1.47873748E+00
-114.00E-06,+176.64573E-03,+1.45863698E+00
-113.00E-06,+180.66583E-03,+1.46114955E+00
-112.00E-06,+124.38442E-03,+1.46114955E+00
-111.00E-06,+156.54523E-03,+1.46114955E+00
-110.00E-06,+177.14824E-03,+1.46114955E+00
-109.00E-06,+143.98241E-03,+1.46114955E+00
-108.00E-06,+128.90703E-03,+1.46114955E+00
-107.00E-06,+177.14824E-03,+1.45863698E+00
-106.00E-06,+176.64573E-03,+1.46114955E+00
-105.00E-06,+123.88191E-03,+1.46114955E+00
-104.00E-06,+161.06784E-03,+1.46114955E+00
-103.00E-06,+176.64573E-03,+1.47873748E+00
-102.00E-06,+136.44472E-03,+1.46114955E+00
-101.00E-06,+132.42462E-03,+1.46114955E+00
-100.00E-06,+180.66583E-03,+1.46114955E+00
-99.00E-06,+168.60553E-03,+1.46114955E+00
-98.00E-06,+120.86683E-03,+1.46114955E+00
-97.00E-06,+169.10804E-03,+1.46114955E+00
-96.00E-06,+184.18342E-03,+1.47873748E+00
-95.00E-06,+132.42462E-03,+1.46114955E+00
-94.00E-06,+144.98744E-03,+1.47873748E+00
-93.00E-06,+184.68593E-03,+1.46114955E+00
-92.00E-06,+168.10301E-03,+1.46114955E+00
-91.00E-06,+124.38442E-03,+1.46366211E+00
-90.00E-06,+172.62563E-03,+1.46114955E+00
-89.00E-06,+180.66583E-03,+1.46114955E+00
-88.00E-06,+127.90201E-03,+1.46114955E+00
-87.00E-06,+144.98744E-03,+1.46114955E+00
-86.00E-06,+172.62563E-03,+1.46114955E+00
-85.00E-06,+144.48492E-03,+1.46114955E+00
-84.00E-06,+116.34422E-03,+1.46114955E+00
-83.00E-06,+172.62563E-03,+1.46114955E+00
-82.00E-06,+176.64573E-03,+1.46114955E+00
-81.00E-06,+119.86181E-03,+1.46114955E+00
-80.00E-06,+149.51005E-03,+1.46114955E+00
-79.00E-06,+176.64573E-03,+1.45863698E+00
-78.00E-06,+140.46482E-03,+1.46114955E+00
-77.00E-06,+124.88693E-03,+1.46114955E+00
-76.00E-06,+176.64573E-03,+1.45863698E+00
-75.00E-06,+172.62563E-03,+1.46114955E+00
-74.00E-06,+120.36432E-03,+1.44356161E+00
-73.00E-06,+160.56533E-03,+1.46114955E+00
-72.00E-06,+180.16332E-03,+1.46366211E+00
-71.00E-06,+139.96231E-03,+1.46114955E+00
-70.00E-06,+128.90703E-03,+1.45863698E+00
-69.00E-06,+180.66583E-03,+1.46114955E+00
-68.00E-06,+172.12311E-03,+1.46114955E+00
-67.00E-06,+120.36432E-03,+1.46114955E+00
-66.00E-06,+165.08794E-03,+1.46114955E+00
-65.00E-06,+180.66583E-03,+1.46114955E+00
-64.00E-06,+131.92211E-03,+1.46366211E+00
-63.00E-06,+140.96734E-03,+1.46114955E+00
-62.00E-06,+184.68593E-03,+1.46366211E+00
-61.00E-06,+168.60553E-03,+1.46114955E+00
-60.00E-06,+124.38442E-03,+1.46114955E+00
-59.00E-06,+168.60553E-03,+1.46114955E+00
-58.00E-06,+176.64573E-03,+1.46114955E+00
-57.00E-06,+124.38442E-03,+1.46114955E+00
-56.00E-06,+144.48492E-03,+1.46114955E+00
-55.00E-06,+184.68593E-03,+1.46114955E+00
-54.00E-06,+160.06281E-03,+1.46114955E+00
-53.00E-06,+120.36432E-03,+1.46114955E+00
-52.00E-06,+172.62563E-03,+1.44356161E+00
-51.00E-06,+176.64573E-03,+1.46114955E+00
-50.00E-06,+123.88191E-03,+1.46114955E+00
-49.00E-06,+153.02764E-03,+1.44356161E+00
-48.00E-06,+184.68593E-03,+1.46114955E+00
-47.00E-06,+156.04271E-03,+1.46114955E+00
-46.00E-06,+128.90703E-03,+1.46114955E+00
-45.00E-06,+177.14824E-03,+1.44356161E+00
-44.00E-06,+176.64573E-03,+1.46114955E+00
-43.00E-06,+120.36432E-03,+1.46114955E+00
-42.00E-06,+152.02261E-03,+1.46366211E+00
-41.00E-06,+172.62563E-03,+1.45863698E+00
-40.00E-06,+135.94221E-03,+1.46114955E+00
-39.00E-06,+120.86683E-03,+1.46114955E+00
-38.00E-06,+172.62563E-03,+1.46114955E+00
-37.00E-06,+164.58543E-03,+1.46114955E+00
-36.00E-06,+112.82663E-03,+1.47873748E+00
-35.00E-06,+157.04774E-03,+1.46114955E+00
-34.00E-06,+176.64573E-03,+1.46114955E+00
-33.00E-06,+131.92211E-03,+1.47873748E+00
-32.00E-06,+136.44472E-03,+1.46114955E+00
-31.00E-06,+180.66583E-03,+1.46114955E+00
-30.00E-06,+168.10301E-03,+1.46114955E+00
-29.00E-06,+120.36432E-03,+1.46114955E+00
-28.00E-06,+168.60553E-03,+1.45863698E+00
-27.00E-06,+176.64573E-03,+1.46114955E+00
-26.00E-06,+124.38442E-03,+1.46114955E+00
-25.00E-06,+140.96734E-03,+1.46114955E+00
-24.00E-06,+180.66583E-03,+1.46114955E+00
-23.00E-06,+160.56533E-03,+1.46114955E+00
-22.00E-06,+120.86683E-03,+1.46114955E+00
-21.00E-06,+177.14824E-03,+1.46114955E+00
-20.00E-06,+192.22362E-03,+1.46114955E+00
-19.00E-06,+140.46482E-03,+1.46114955E+00
-18.00E-06,+173.12814E-03,+1.46114955E+00
-17.00E-06,+200.76633E-03,+1.45863698E+00
-16.00E-06,+172.12311E-03,+1.45863698E+00
-15.00E-06,+149.00754E-03,+1.46114955E+00
-14.00E-06,+204.78643E-03,+1.45863698E+00
-13.00E-06,+205.28894E-03,+1.46366211E+00
-12.00E-06,+160.06281E-03,+1.46114955E+00
-11.00E-06,+200.76633E-03,+1.44356161E+00
-10.00E-06,+228.90703E-03,+1.46114955E+00
-9.00E-06,+196.24372E-03,+1.46114955E+00
-8.00E-06,+184.68593E-03,+1.46114955E+00
-7.00E-06,+229.40955E-03,+1.46114955E+00
-6.00E-06,+224.88693E-03,+1.46114955E+00
-5.00E-06,+172.62563E-03,+1.46114955E+00
-4.00E-06,+221.36935E-03,+1.46114955E+00
-3.00E-06,+244.98744E-03,+1.46114955E+00
-2.00E-06,+204.28392E-03,+1.46114955E+00
-1.00E-06,+201.26884E-03,+1.46114955E+00
-0.0E+00,+245.48995E-03,+1.44356161E+00
+1.00E-06,+235.94221E-03,+1.46114955E+00
+2.00E-06,+180.66583E-03,+1.46114955E+00
+3.00E-06,+232.92713E-03,+1.46114955E+00
+4.00E-06,+244.98744E-03,+1.46114955E+00
+5.00E-06,+196.24372E-03,+1.46114955E+00
+6.00E-06,+212.82663E-03,+1.46114955E+00
+7.00E-06,+249.00754E-03,+1.46114955E+00
+8.00E-06,+232.42462E-03,+1.46114955E+00
+9.00E-06,+188.70603E-03,+1.44356161E+00
+10.00E-06,+236.94723E-03,+1.46114955E+00
+11.00E-06,+244.98744E-03,+1.46114955E+00
+12.00E-06,+192.72613E-03,+1.46114955E+00
+13.00E-06,+220.86683E-03,+1.46114955E+00
+14.00E-06,+257.04774E-03,+1.46114955E+00
+15.00E-06,+231.92211E-03,+1.47873748E+00
+16.00E-06,+197.24874E-03,+1.46114955E+00
+17.00E-06,+244.98744E-03,+1.46114955E+00
+18.00E-06,+244.98744E-03,+1.46114955E+00
+19.00E-06,+188.70603E-03,+1.46114955E+00
+20.00E-06,+217.85176E-03,+1.46114955E+00
+21.00E-06,+244.98744E-03,+1.46114955E+00
+22.00E-06,+212.32412E-03,+1.46114955E+00
+23.00E-06,+184.68593E-03,+1.46114955E+00
+24.00E-06,+229.40955E-03,+1.46114955E+00
+25.00E-06,+224.88693E-03,+1.48125005E+00
+26.00E-06,+169.10804E-03,+1.46114955E+00
+27.00E-06,+216.84673E-03,+1.45863698E+00
+28.00E-06,+240.96734E-03,+1.46114955E+00
+29.00E-06,+200.76633E-03,+1.48125005E+00
+30.00E-06,+196.74623E-03,+1.45863698E+00
+31.00E-06,+244.98744E-03,+1.46114955E+00
+32.00E-06,+232.92713E-03,+1.46114955E+00
+33.00E-06,+184.68593E-03,+1.46114955E+00
+34.00E-06,+228.90703E-03,+1.46114955E+00
+35.00E-06,+244.98744E-03,+1.46114955E+00
+36.00E-06,+196.24372E-03,+1.46114955E+00
+37.00E-06,+193.22864E-03,+1.46114955E+00
+38.00E-06,+233.42965E-03,+1.46114955E+00
+39.00E-06,+216.84673E-03,+1.46114955E+00
+40.00E-06,+176.64573E-03,+1.46114955E+00
+41.00E-06,+229.40955E-03,+1.46114955E+00
+42.00E-06,+244.98744E-03,+1.46114955E+00
+43.00E-06,+192.22362E-03,+1.46114955E+00
+44.00E-06,+213.32914E-03,+1.47873748E+00
+45.00E-06,+249.00754E-03,+1.44356161E+00
+46.00E-06,+224.88693E-03,+1.46114955E+00
+47.00E-06,+188.70603E-03,+1.46114955E+00
+48.00E-06,+237.44975E-03,+1.45863698E+00
+49.00E-06,+244.98744E-03,+1.46114955E+00
+50.00E-06,+188.70603E-03,+1.46114955E+00
+51.00E-06,+220.86683E-03,+1.46114955E+00
+52.00E-06,+253.02764E-03,+1.46114955E+00
+53.00E-06,+220.36432E-03,+1.46114955E+00
+54.00E-06,+196.74623E-03,+1.46114955E+00
+55.00E-06,+245.48995E-03,+1.46114955E+00
+56.00E-06,+240.96734E-03,+1.46114955E+00
+57.00E-06,+188.70603E-03,+1.46114955E+00
+58.00E-06,+228.90703E-03,+1.46114955E+00
+59.00E-06,+253.53015E-03,+1.46114955E+00
+60.00E-06,+212.32412E-03,+1.46114955E+00
+61.00E-06,+197.24874E-03,+1.46114955E+00
+62.00E-06,+240.96734E-03,+1.46114955E+00
+63.00E-06,+228.40452E-03,+1.46114955E+00
+64.00E-06,+176.64573E-03,+1.46114955E+00
+65.00E-06,+220.86683E-03,+1.46114955E+00
+66.00E-06,+240.46482E-03,+1.46366211E+00
+67.00E-06,+192.22362E-03,+1.47873748E+00
+68.00E-06,+192.72613E-03,+1.45863698E+00
+69.00E-06,+232.92713E-03,+1.45863698E+00
+70.00E-06,+216.34422E-03,+1.46114955E+00
+71.00E-06,+172.62563E-03,+1.46114955E+00
+72.00E-06,+228.90703E-03,+1.46114955E+00
+73.00E-06,+244.98744E-03,+1.47873748E+00
+74.00E-06,+196.24372E-03,+1.46114955E+00
+75.00E-06,+209.30904E-03,+1.45863698E+00
+76.00E-06,+244.48492E-03,+1.46114955E+00
+77.00E-06,+220.36432E-03,+1.46114955E+00
+78.00E-06,+177.14824E-03,+1.46114955E+00
+79.00E-06,+224.88693E-03,+1.46114955E+00
+80.00E-06,+228.90703E-03,+1.46114955E+00
+81.00E-06,+176.14322E-03,+1.47873748E+00
+82.00E-06,+205.28894E-03,+1.46114955E+00
+83.00E-06,+240.96734E-03,+1.45863698E+00
+84.00E-06,+212.32412E-03,+1.46114955E+00
+85.00E-06,+188.70603E-03,+1.46114955E+00
+86.00E-06,+244.98744E-03,+1.44356161E+00
+87.00E-06,+249.00754E-03,+1.46366211E+00
+88.00E-06,+192.72613E-03,+1.46114955E+00
+89.00E-06,+229.40955E-03,+1.46114955E+00
+90.00E-06,+257.04774E-03,+1.46114955E+00
+91.00E-06,+216.84673E-03,+1.46114955E+00
+92.00E-06,+204.78643E-03,+1.46114955E+00
+93.00E-06,+253.02764E-03,+1.44356161E+00
+94.00E-06,+249.00754E-03,+1.46114955E+00
+95.00E-06,+192.72613E-03,+1.45863698E+00
+96.00E-06,+233.42965E-03,+1.46114955E+00
+97.00E-06,+253.02764E-03,+1.45863698E+00
+98.00E-06,+204.78643E-03,+1.46114955E+00
+99.00E-06,+201.26884E-03,+1.46114955E+00
+100.00E-06,+241.46985E-03,+1.46114955E+00
+101.00E-06,+228.40452E-03,+1.47873748E+00
+102.00E-06,+184.68593E-03,+1.46114955E+00
+103.00E-06,+232.92713E-03,+1.46114955E+00
+104.00E-06,+249.00754E-03,+1.46114955E+00
+105.00E-06,+196.74623E-03,+1.46114955E+00
+106.00E-06,+205.28894E-03,+1.46114955E+00
+107.00E-06,+240.96734E-03,+1.44356161E+00
+108.00E-06,+213.32914E-03,+1.46114955E+00
+109.00E-06,+180.16332E-03,+1.46114955E+00
+110.00E-06,+225.38945E-03,+1.45863698E+00
+111.00E-06,+236.44472E-03,+1.46114955E+00
+112.00E-06,+180.16332E-03,+1.46114955E+00
+113.00E-06,+209.30904E-03,+1.46114955E+00
+114.00E-06,+240.96734E-03,+1.46114955E+00
+115.00E-06,+216.34422E-03,+1.46366211E+00
+116.00E-06,+189.20854E-03,+1.46114955E+00
+117.00E-06,+237.44975E-03,+1.46114955E+00
+118.00E-06,+244.48492E-03,+1.46366211E+00
+119.00E-06,+184.68593E-03,+1.46366211E+00
+120.00E-06,+213.32914E-03,+1.46114955E+00
+121.00E-06,+236.94723E-03,+1.46114955E+00
+122.00E-06,+200.26382E-03,+1.46114955E+00
+123.00E-06,+184.68593E-03,+1.46114955E+00
+124.00E-06,+236.94723E-03,+1.46366211E+00
+125.00E-06,+232.42462E-03,+1.46366211E+00
+126.00E-06,+176.64573E-03,+1.46114955E+00
+127.00E-06,+221.36935E-03,+1.46114955E+00
+128.00E-06,+244.98744E-03,+1.46114955E+00
+129.00E-06,+200.76633E-03,+1.46114955E+00
+130.00E-06,+204.78643E-03,+1.46114955E+00
+131.00E-06,+249.00754E-03,+1.46114955E+00
+132.00E-06,+240.46482E-03,+1.46114955E+00
+133.00E-06,+188.70603E-03,+1.46114955E+00
+134.00E-06,+240.96734E-03,+1.45863698E+00
+135.00E-06,+253.02764E-03,+1.46114955E+00
+136.00E-06,+204.28392E-03,+1.46114955E+00
+137.00E-06,+212.82663E-03,+1.45863698E+00
+138.00E-06,+253.02764E-03,+1.46114955E+00
+139.00E-06,+232.92713E-03,+1.47873748E+00
+140.00E-06,+189.20854E-03,+1.46114955E+00
+141.00E-06,+240.96734E-03,+1.44356161E+00
+142.00E-06,+244.98744E-03,+1.46114955E+00
+143.00E-06,+192.22362E-03,+1.48125005E+00
+144.00E-06,+209.30904E-03,+1.45863698E+00
+145.00E-06,+245.48995E-03,+1.46114955E+00
+146.00E-06,+220.36432E-03,+1.46114955E+00
+147.00E-06,+184.68593E-03,+1.46114955E+00
+148.00E-06,+236.94723E-03,+1.46114955E+00
+149.00E-06,+236.94723E-03,+1.46114955E+00
+150.00E-06,+180.66583E-03,+1.46366211E+00
+151.00E-06,+209.30904E-03,+1.46114955E+00
+152.00E-06,+236.94723E-03,+1.46114955E+00
+153.00E-06,+204.28392E-03,+1.46114955E+00
+154.00E-06,+185.18844E-03,+1.47873748E+00
+155.00E-06,+240.96734E-03,+1.46114955E+00
+156.00E-06,+244.48492E-03,+1.46114955E+00
+157.00E-06,+188.70603E-03,+1.47873748E+00
+158.00E-06,+229.40955E-03,+1.46114955E+00
+159.00E-06,+249.51005E-03,+1.46114955E+00
+160.00E-06,+211.82161E-03,+1.46114955E+00
+161.00E-06,+201.26884E-03,+1.46114955E+00
+162.00E-06,+244.98744E-03,+1.45863698E+00
+163.00E-06,+236.44472E-03,+1.46114955E+00
+164.00E-06,+184.68593E-03,+1.46114955E+00
+165.00E-06,+232.92713E-03,+1.46114955E+00
+166.00E-06,+249.00754E-03,+1.46114955E+00
+167.00E-06,+204.78643E-03,+1.45863698E+00
+168.00E-06,+209.30904E-03,+1.46114955E+00
+169.00E-06,+249.51005E-03,+1.46114955E+00
+170.00E-06,+236.44472E-03,+1.46114955E+00
+171.00E-06,+193.22864E-03,+1.47873748E+00
+172.00E-06,+249.00754E-03,+1.44607417E+00
+173.00E-06,+261.57035E-03,+1.46114955E+00
+174.00E-06,+212.32412E-03,+1.47873748E+00
+175.00E-06,+228.90703E-03,+1.46114955E+00
+176.00E-06,+265.08794E-03,+1.46114955E+00
+177.00E-06,+240.46482E-03,+1.46114955E+00
+178.00E-06,+204.78643E-03,+1.46366211E+00
+179.00E-06,+257.55025E-03,+1.46114955E+00
+180.00E-06,+265.08794E-03,+1.46366211E+00
+181.00E-06,+212.32412E-03,+1.46114955E+00
+182.00E-06,+237.44975E-03,+1.46114955E+00
+183.00E-06,+269.61055E-03,+1.46114955E+00
+184.00E-06,+244.48492E-03,+1.46114955E+00
+185.00E-06,+213.32914E-03,+1.46114955E+00
+186.00E-06,+257.55025E-03,+1.46114955E+00
+187.00E-06,+260.56532E-03,+1.46114955E+00
+188.00E-06,+200.76633E-03,+1.46114955E+00
+189.00E-06,+232.92713E-03,+1.46114955E+00
+190.00E-06,+257.04774E-03,+1.46114955E+00
+191.00E-06,+220.36432E-03,+1.46114955E+00
+192.00E-06,+205.28894E-03,+1.46114955E+00
+193.00E-06,+253.02764E-03,+1.46114955E+00
+194.00E-06,+244.98744E-03,+1.46114955E+00
+195.00E-06,+188.70603E-03,+1.46114955E+00
+196.00E-06,+237.44975E-03,+1.44356161E+00
+197.00E-06,+253.53015E-03,+1.45863698E+00
+198.00E-06,+204.78643E-03,+1.46114955E+00
+199.00E-06,+209.81156E-03,+1.46114955E+00
+200.00E-06,+257.55025E-03,+1.46114955E+00
+201.00E-06,+249.00754E-03,+1.47873748E+00
+202.00E-06,+204.78643E-03,+1.47873748E+00
+203.00E-06,+253.02764E-03,+1.46114955E+00
+204.00E-06,+264.58543E-03,+1.46114955E+00
+205.00E-06,+208.80653E-03,+1.46114955E+00
+206.00E-06,+221.36935E-03,+1.46114955E+00
+207.00E-06,+257.04774E-03,+1.46114955E+00
+208.00E-06,+232.92713E-03,+1.46114955E+00
+209.00E-06,+192.72613E-03,+1.46114955E+00
+210.00E-06,+241.46985E-03,+1.46114955E+00
+211.00E-06,+249.00754E-03,+1.46366211E+00
+212.00E-06,+192.72613E-03,+1.46114955E+00
+213.00E-06,+225.38945E-03,+1.46114955E+00
+214.00E-06,+257.04774E-03,+1.46114955E+00
+215.00E-06,+228.90703E-03,+1.46114955E+00
+216.00E-06,+200.76633E-03,+1.46114955E+00
+217.00E-06,+257.04774E-03,+1.46114955E+00
+218.00E-06,+264.58543E-03,+1.46114955E+00
+219.00E-06,+208.80653E-03,+1.46114955E+00
+220.00E-06,+245.48995E-03,+1.44356161E+00
+221.00E-06,+265.08794E-03,+1.46114955E+00
+222.00E-06,+228.40452E-03,+1.46114955E+00
+223.00E-06,+208.80653E-03,+1.44356161E+00
+224.00E-06,+257.04774E-03,+1.46114955E+00
+225.00E-06,+257.04774E-03,+1.46114955E+00
+226.00E-06,+200.76633E-03,+1.46114955E+00
+227.00E-06,+241.46985E-03,+1.46114955E+00
+228.00E-06,+261.06784E-03,+1.46114955E+00
+229.00E-06,+216.34422E-03,+1.46366211E+00
+230.00E-06,+213.32914E-03,+1.45863698E+00
+231.00E-06,+257.04774E-03,+1.46114955E+00
+232.00E-06,+249.00754E-03,+1.46114955E+00
+233.00E-06,+200.76633E-03,+1.46114955E+00
+234.00E-06,+249.00754E-03,+1.46114955E+00
+235.00E-06,+268.60553E-03,+1.47873748E+00
+236.00E-06,+216.84673E-03,+1.44356161E+00
+237.00E-06,+225.38945E-03,+1.46114955E+00
+238.00E-06,+261.06784E-03,+1.46114955E+00
+239.00E-06,+244.98744E-03,+1.46114955E+00
+240.00E-06,+196.74623E-03,+1.46114955E+00
+241.00E-06,+244.98744E-03,+1.46114955E+00
+242.00E-06,+253.02764E-03,+1.47873748E+00
+243.00E-06,+200.76633E-03,+1.46114955E+00
+244.00E-06,+220.86683E-03,+1.46114955E+00
+245.00E-06,+256.54522E-03,+1.46114955E+00
+246.00E-06,+228.90703E-03,+1.46114955E+00
+247.00E-06,+193.22864E-03,+1.46114955E+00
+248.00E-06,+244.98744E-03,+1.46114955E+00
+249.00E-06,+249.00754E-03,+1.46114955E+00
+250.00E-06,+192.72613E-03,+1.46114955E+00
+251.00E-06,+225.38945E-03,+1.46114955E+00
+252.00E-06,+257.04774E-03,+1.45863698E+00
+253.00E-06,+228.40452E-03,+1.47873748E+00
+254.00E-06,+204.78643E-03,+1.46114955E+00
+255.00E-06,+253.02764E-03,+1.45863698E+00
+256.00E-06,+252.02261E-03,+1.46114955E+00
+257.00E-06,+193.22864E-03,+1.46114955E+00
+258.00E-06,+240.96734E-03,+1.46114955E+00
+259.00E-06,+268.60553E-03,+1.46114955E+00
+260.00E-06,+228.90703E-03,+1.46114955E+00
+261.00E-06,+220.86683E-03,+1.44356161E+00
+262.00E-06,+257.55025E-03,+1.45863698E+00
+263.00E-06,+244.48492E-03,+1.46114955E+00
+264.00E-06,+193.22864E-03,+1.46114955E+00
+265.00E-06,+241.97236E-03,+1.45863698E+00
+266.00E-06,+265.08794E-03,+1.44356161E+00
+267.00E-06,+219.86181E-03,+1.46114955E+00
+268.00E-06,+221.36935E-03,+1.46114955E+00
+269.00E-06,+265.08794E-03,+1.46366211E+00
+270.00E-06,+249.00754E-03,+1.46366211E+00
+271.00E-06,+204.28392E-03,+1.46114955E+00
+272.00E-06,+249.51005E-03,+1.46114955E+00
+273.00E-06,+260.56532E-03,+1.46114955E+00
+274.00E-06,+204.78643E-03,+1.46114955E+00
+275.00E-06,+225.38945E-03,+1.46114955E+00
+276.00E-06,+265.08794E-03,+1.46114955E+00
+277.00E-06,+240.46482E-03,+1.46114955E+00
+278.00E-06,+205.28894E-03,+1.47873748E+00
+279.00E-06,+256.54522E-03,+1.45863698E+00
+280.00E-06,+257.55025E-03,+1.46114955E+00
+281.00E-06,+204.78643E-03,+1.46114955E+00
+282.00E-06,+233.42965E-03,+1.46114955E+00
+283.00E-06,+265.59045E-03,+1.46114955E+00
+284.00E-06,+236.44472E-03,+1.46114955E+00
+285.00E-06,+205.28894E-03,+1.46114955E+00
+286.00E-06,+253.02764E-03,+1.46114955E+00
+287.00E-06,+253.02764E-03,+1.46114955E+00
+288.00E-06,+192.72613E-03,+1.44356161E+00
+289.00E-06,+228.90703E-03,+1.46114955E+00
+290.00E-06,+252.52512E-03,+1.46114955E+00
+291.00E-06,+208.30402E-03,+1.46114955E+00
+292.00E-06,+197.24874E-03,+1.46114955E+00
+293.00E-06,+249.00754E-03,+1.45863698E+00
+294.00E-06,+240.46482E-03,+1.46114955E+00
+295.00E-06,+189.20854E-03,+1.46114955E+00
+296.00E-06,+237.44975E-03,+1.46114955E+00
+297.00E-06,+261.06784E-03,+1.46114955E+00
+298.00E-06,+216.34422E-03,+1.46114955E+00
+299.00E-06,+216.84673E-03,+1.44356161E+00
+300.00E-06,+261.06784E-03,+1.46114955E+00
+301.00E-06,+244.48492E-03,+1.46114955E+00
+302.00E-06,+196.74623E-03,+1.46114955E+00
+303.00E-06,+244.98744E-03,+1.45863698E+00
+304.00E-06,+253.02764E-03,+1.46366211E+00
+305.00E-06,+200.76633E-03,+1.48125005E+00
+306.00E-06,+213.32914E-03,+1.45863698E+00
+307.00E-06,+253.02764E-03,+1.46114955E+00
+308.00E-06,+232.42462E-03,+1.44356161E+00
+309.00E-06,+197.24874E-03,+1.46114955E+00
+310.00E-06,+249.51005E-03,+1.46114955E+00
+311.00E-06,+257.04774E-03,+1.46114955E+00
+312.00E-06,+208.30402E-03,+1.46114955E+00
+313.00E-06,+233.42965E-03,+1.46114955E+00
+314.00E-06,+265.08794E-03,+1.46114955E+00
+315.00E-06,+236.44472E-03,+1.47873748E+00
+316.00E-06,+208.80653E-03,+1.46114955E+00
+317.00E-06,+257.04774E-03,+1.46114955E+00
+318.00E-06,+257.04774E-03,+1.46114955E+00
+319.00E-06,+200.76633E-03,+1.45863698E+00
+320.00E-06,+240.96734E-03,+1.46114955E+00
+321.00E-06,+265.08794E-03,+1.46114955E+00
+322.00E-06,+228.40452E-03,+1.46114955E+00
+323.00E-06,+212.82663E-03,+1.46114955E+00
+324.00E-06,+261.06784E-03,+1.46114955E+00
+325.00E-06,+256.54522E-03,+1.47873748E+00
+326.00E-06,+200.26382E-03,+1.46114955E+00
+327.00E-06,+244.98744E-03,+1.46114955E+00
+328.00E-06,+261.06784E-03,+1.46114955E+00
+329.00E-06,+217.34924E-03,+1.45863698E+00
+330.00E-06,+212.82663E-03,+1.46114955E+00
+331.00E-06,+257.04774E-03,+1.46114955E+00
+332.00E-06,+244.98744E-03,+1.46114955E+00
+333.00E-06,+193.22864E-03,+1.46114955E+00
+334.00E-06,+249.00754E-03,+1.46114955E+00
+335.00E-06,+261.06784E-03,+1.46114955E+00
+336.00E-06,+212.82663E-03,+1.46114955E+00
+337.00E-06,+213.32914E-03,+1.46114955E+00
+338.00E-06,+249.00754E-03,+1.46366211E+00
+339.00E-06,+228.90703E-03,+1.46114955E+00
+340.00E-06,+185.18844E-03,+1.46114955E+00
+341.00E-06,+236.94723E-03,+1.46114955E+00
+342.00E-06,+244.98744E-03,+1.46114955E+00
+343.00E-06,+192.22362E-03,+1.46114955E+00
+344.00E-06,+217.34924E-03,+1.46114955E+00
+345.00E-06,+249.51005E-03,+1.46114955E+00
+346.00E-06,+224.88693E-03,+1.46114955E+00
+347.00E-06,+196.74623E-03,+1.46114955E+00
+348.00E-06,+244.98744E-03,+1.44356161E+00
+349.00E-06,+249.00754E-03,+1.46114955E+00
+350.00E-06,+192.72613E-03,+1.46114955E+00
+351.00E-06,+228.90703E-03,+1.46114955E+00
+352.00E-06,+253.53015E-03,+1.46114955E+00
+353.00E-06,+220.36432E-03,+1.46114955E+00
+354.00E-06,+200.76633E-03,+1.46114955E+00
+355.00E-06,+253.02764E-03,+1.46114955E+00
+356.00E-06,+249.00754E-03,+1.44356161E+00
+357.00E-06,+192.72613E-03,+1.46114955E+00
+358.00E-06,+233.42965E-03,+1.45863698E+00
+359.00E-06,+257.04774E-03,+1.47873748E+00
+360.00E-06,+212.82663E-03,+1.46114955E+00
+361.00E-06,+208.80653E-03,+1.46114955E+00
+362.00E-06,+257.04774E-03,+1.46114955E+00
+363.00E-06,+248.50502E-03,+1.46114955E+00
+364.00E-06,+201.26884E-03,+1.46114955E+00
+365.00E-06,+253.53015E-03,+1.46114955E+00
+366.00E-06,+269.10804E-03,+1.46114955E+00
+367.00E-06,+217.34924E-03,+1.46114955E+00
+368.00E-06,+229.40955E-03,+1.46114955E+00
+369.00E-06,+265.59045E-03,+1.46114955E+00
+370.00E-06,+249.00754E-03,+1.46114955E+00
+371.00E-06,+208.80653E-03,+1.46114955E+00
+372.00E-06,+261.06784E-03,+1.46114955E+00
+373.00E-06,+269.61055E-03,+1.47873748E+00
+374.00E-06,+216.84673E-03,+1.46114955E+00
+375.00E-06,+232.92713E-03,+1.46114955E+00
+376.00E-06,+264.58543E-03,+1.46366211E+00
+377.00E-06,+232.92713E-03,+1.46114955E+00
+378.00E-06,+201.26884E-03,+1.46114955E+00
+379.00E-06,+249.51005E-03,+1.44104904E+00
+380.00E-06,+257.04774E-03,+1.46114955E+00
+381.00E-06,+200.76633E-03,+1.46114955E+00
+382.00E-06,+229.40955E-03,+1.46114955E+00
+383.00E-06,+257.04774E-03,+1.46114955E+00
+384.00E-06,+220.86683E-03,+1.47873748E+00
+385.00E-06,+200.76633E-03,+1.46114955E+00
+386.00E-06,+249.00754E-03,+1.46114955E+00
+387.00E-06,+244.98744E-03,+1.44356161E+00
+388.00E-06,+185.18844E-03,+1.46114955E+00
+389.00E-06,+224.88693E-03,+1.46114955E+00
+390.00E-06,+244.98744E-03,+1.46114955E+00
+391.00E-06,+204.28392E-03,+1.46114955E+00
+392.00E-06,+197.24874E-03,+1.46114955E+00
+393.00E-06,+249.00754E-03,+1.46114955E+00
+394.00E-06,+240.96734E-03,+1.46114955E+00
+395.00E-06,+188.70603E-03,+1.46114955E+00
+396.00E-06,+240.96734E-03,+1.46114955E+00
+397.00E-06,+253.02764E-03,+1.46114955E+00
+398.00E-06,+204.78643E-03,+1.46114955E+00
+399.00E-06,+209.30904E-03,+1.46114955E+00
+400.00E-06,+253.02764E-03,+1.46114955E+00
+401.00E-06,+240.46482E-03,+1.46366211E+00
+402.00E-06,+192.72613E-03,+1.47873748E+00
+403.00E-06,+244.98744E-03,+1.46114955E+00
+404.00E-06,+252.52512E-03,+1.46114955E+00
+405.00E-06,+200.76633E-03,+1.46114955E+00
+406.00E-06,+213.83166E-03,+1.44356161E+00
+407.00E-06,+249.51005E-03,+1.45863698E+00
+408.00E-06,+231.92211E-03,+1.45863698E+00
+409.00E-06,+200.76633E-03,+1.46114955E+00
+410.00E-06,+253.53015E-03,+1.46114955E+00
+411.00E-06,+261.06784E-03,+1.46114955E+00
+412.00E-06,+208.30402E-03,+1.46114955E+00
+413.00E-06,+240.96734E-03,+1.46114955E+00
+414.00E-06,+273.63065E-03,+1.44356161E+00
+415.00E-06,+244.48492E-03,+1.47873748E+00
+416.00E-06,+216.84673E-03,+1.46114955E+00
+417.00E-06,+265.59045E-03,+1.44356161E+00
+418.00E-06,+264.58543E-03,+1.46114955E+00
+419.00E-06,+208.30402E-03,+1.46114955E+00
+420.00E-06,+241.46985E-03,+1.45863698E+00
+421.00E-06,+265.08794E-03,+1.46114955E+00
+422.00E-06,+224.88693E-03,+1.47873748E+00
+423.00E-06,+212.82663E-03,+1.46114955E+00
+424.00E-06,+264.58543E-03,+1.46114955E+00
+425.00E-06,+253.02764E-03,+1.46114955E+00
+426.00E-06,+200.76633E-03,+1.46114955E+00
+427.00E-06,+241.46985E-03,+1.44356161E+00
+428.00E-06,+261.06784E-03,+1.46114955E+00
+429.00E-06,+216.34422E-03,+1.46366211E+00
+430.00E-06,+213.32914E-03,+1.46114955E+00
+431.00E-06,+261.06784E-03,+1.46114955E+00
+432.00E-06,+244.48492E-03,+1.45863698E+00
+433.00E-06,+196.74623E-03,+1.47873748E+00
+434.00E-06,+240.96734E-03,+1.46114955E+00
+435.00E-06,+253.02764E-03,+1.44356161E+00
+436.00E-06,+200.76633E-03,+1.47873748E+00
+437.00E-06,+213.32914E-03,+1.44104904E+00
+438.00E-06,+244.98744E-03,+1.46114955E+00
+439.00E-06,+224.88693E-03,+1.46114955E+00
+440.00E-06,+185.18844E-03,+1.45863698E+00
+441.00E-06,+236.94723E-03,+1.46114955E+00
+442.00E-06,+244.48492E-03,+1.46114955E+00
+443.00E-06,+188.20352E-03,+1.46114955E+00
+444.00E-06,+217.34924E-03,+1.45863698E+00
+445.00E-06,+253.02764E-03,+1.46114955E+00
+446.00E-06,+220.86683E-03,+1.46114955E+00
+447.00E-06,+193.22864E-03,+1.46114955E+00
+448.00E-06,+249.00754E-03,+1.46114955E+00
+449.00E-06,+249.00754E-03,+1.46114955E+00
+450.00E-06,+196.24372E-03,+1.46114955E+00
+451.00E-06,+233.42965E-03,+1.46114955E+00
+452.00E-06,+261.06784E-03,+1.46114955E+00
+453.00E-06,+228.40452E-03,+1.47873748E+00
+454.00E-06,+205.28894E-03,+1.46114955E+00
+455.00E-06,+253.02764E-03,+1.46114955E+00
+456.00E-06,+248.50502E-03,+1.46114955E+00
+457.00E-06,+189.20854E-03,+1.46114955E+00
+458.00E-06,+233.42965E-03,+1.46114955E+00
+459.00E-06,+253.02764E-03,+1.46114955E+00
+460.00E-06,+208.80653E-03,+1.46114955E+00
+461.00E-06,+209.30904E-03,+1.47873748E+00
+462.00E-06,+253.53015E-03,+1.46114955E+00
+463.00E-06,+240.96734E-03,+1.46114955E+00
+464.00E-06,+192.72613E-03,+1.46114955E+00
+465.00E-06,+241.46985E-03,+1.46114955E+00
+466.00E-06,+257.04774E-03,+1.46114955E+00
+467.00E-06,+212.32412E-03,+1.47873748E+00
+468.00E-06,+220.86683E-03,+1.46114955E+00
+469.00E-06,+261.57035E-03,+1.46114955E+00
+470.00E-06,+244.98744E-03,+1.46114955E+00
+471.00E-06,+200.76633E-03,+1.46114955E+00
+472.00E-06,+249.51005E-03,+1.46114955E+00
+473.00E-06,+256.54522E-03,+1.46114955E+00
+474.00E-06,+204.78643E-03,+1.46114955E+00
+475.00E-06,+221.36935E-03,+1.46366211E+00
+476.00E-06,+249.51005E-03,+1.46114955E+00
+477.00E-06,+224.38442E-03,+1.46114955E+00
+478.00E-06,+189.20854E-03,+1.46114955E+00
+479.00E-06,+240.96734E-03,+1.46114955E+00
+480.00E-06,+241.46985E-03,+1.45863698E+00
+481.00E-06,+192.22362E-03,+1.46114955E+00
+482.00E-06,+225.38945E-03,+1.46114955E+00
+483.00E-06,+257.04774E-03,+1.47873748E+00
+484.00E-06,+224.38442E-03,+1.46114955E+00
+485.00E-06,+205.79146E-03,+1.46114955E+00
+486.00E-06,+253.53015E-03,+1.44356161E+00
+487.00E-06,+253.02764E-03,+1.46114955E+00
+488.00E-06,+196.74623E-03,+1.46114955E+00
+489.00E-06,+229.40955E-03,+1.46114955E+00
+490.00E-06,+253.02764E-03,+1.46114955E+00
+491.00E-06,+211.82161E-03,+1.46114955E+00
+492.00E-06,+204.78643E-03,+1.46366211E+00
+493.00E-06,+249.00754E-03,+1.45863698E+00
+494.00E-06,+240.46482E-03,+1.46114955E+00
+495.00E-06,+188.70603E-03,+1.46114955E+00
+496.00E-06,+237.44975E-03,+1.46114955E+00
+497.00E-06,+261.06784E-03,+1.46114955E+00
+498.00E-06,+212.82663E-03,+1.46114955E+00
+499.00E-06,+213.32914E-03,+1.46114955E+00
+500.00E-06,+253.53015E-03,+1.46114955E+00
+501.00E-06,+240.46482E-03,+1.46366211E+00
+502.00E-06,+192.72613E-03,+1.46114955E+00
+503.00E-06,+244.98744E-03,+1.46114955E+00
+504.00E-06,+257.04774E-03,+1.46114955E+00
+505.00E-06,+204.28392E-03,+1.46114955E+00
+506.00E-06,+221.36935E-03,+1.46114955E+00
+507.00E-06,+253.02764E-03,+1.46114955E+00
+508.00E-06,+232.42462E-03,+1.46114955E+00
+509.00E-06,+196.74623E-03,+1.46114955E+00
+510.00E-06,+249.00754E-03,+1.45863698E+00
+511.00E-06,+256.54522E-03,+1.46114955E+00
+512.00E-06,+200.76633E-03,+1.46114955E+00
+513.00E-06,+228.90703E-03,+1.46114955E+00
+514.00E-06,+261.06784E-03,+1.46114955E+00
+515.00E-06,+228.90703E-03,+1.46114955E+00
+516.00E-06,+201.26884E-03,+1.46366211E+00
+517.00E-06,+253.02764E-03,+1.44356161E+00
+518.00E-06,+253.02764E-03,+1.46114955E+00
+519.00E-06,+196.74623E-03,+1.47873748E+00
+520.00E-06,+233.93216E-03,+1.45863698E+00
+521.00E-06,+261.06784E-03,+1.46114955E+00
+522.00E-06,+224.88693E-03,+1.46366211E+00
+523.00E-06,+209.30904E-03,+1.46114955E+00
+524.00E-06,+257.04774E-03,+1.47873748E+00
+525.00E-06,+248.50502E-03,+1.46114955E+00
+526.00E-06,+196.74623E-03,+1.46114955E+00
+527.00E-06,+240.96734E-03,+1.44356161E+00
+528.00E-06,+253.53015E-03,+1.46114955E+00
+529.00E-06,+212.32412E-03,+1.47873748E+00
+530.00E-06,+208.80653E-03,+1.46114955E+00
+531.00E-06,+249.51005E-03,+1.46114955E+00
+532.00E-06,+240.96734E-03,+1.46114955E+00
+533.00E-06,+188.70603E-03,+1.44356161E+00
+534.00E-06,+236.94723E-03,+1.46114955E+00
+535.00E-06,+253.02764E-03,+1.46114955E+00
+536.00E-06,+200.26382E-03,+1.46114955E+00
+537.00E-06,+212.82663E-03,+1.46114955E+00
+538.00E-06,+249.00754E-03,+1.46114955E+00
+539.00E-06,+228.40452E-03,+1.46114955E+00
+540.00E-06,+192.72613E-03,+1.46114955E+00
+541.00E-06,+241.46985E-03,+1.44356161E+00
+542.00E-06,+256.54522E-03,+1.46114955E+00
+543.00E-06,+200.26382E-03,+1.46366211E+00
+544.00E-06,+224.88693E-03,+1.44356161E+00
+545.00E-06,+253.02764E-03,+1.46114955E+00
+546.00E-06,+228.40452E-03,+1.46114955E+00
+547.00E-06,+189.20854E-03,+1.46366211E+00
+548.00E-06,+236.94723E-03,+1.46114955E+00
+549.00E-06,+236.94723E-03,+1.46114955E+00
+550.00E-06,+180.16332E-03,+1.46114955E+00
+551.00E-06,+204.78643E-03,+1.45863698E+00
+552.00E-06,+224.88693E-03,+1.46114955E+00
+553.00E-06,+187.70100E-03,+1.46114955E+00
+554.00E-06,+169.10804E-03,+1.46114955E+00
+555.00E-06,+220.86683E-03,+1.47873748E+00
+556.00E-06,+215.84171E-03,+1.46114955E+00
+557.00E-06,+156.54523E-03,+1.46366211E+00
+558.00E-06,+196.74623E-03,+1.46114955E+00
+559.00E-06,+216.34422E-03,+1.46114955E+00
+560.00E-06,+172.12311E-03,+1.46114955E+00
+561.00E-06,+168.60553E-03,+1.46114955E+00
+562.00E-06,+216.84673E-03,+1.45361186E+00
+563.00E-06,+208.30402E-03,+1.47873748E+00
+564.00E-06,+164.58543E-03,+1.46114955E+00
+565.00E-06,+213.32914E-03,+1.45863698E+00
+566.00E-06,+236.44472E-03,+1.46114955E+00
+567.00E-06,+188.20352E-03,+1.46114955E+00
+568.00E-06,+192.72613E-03,+1.44356161E+00
+569.00E-06,+228.90703E-03,+1.46114955E+00
+570.00E-06,+208.30402E-03,+1.46366211E+00
+571.00E-06,+156.54523E-03,+1.46114955E+00
+572.00E-06,+200.76633E-03,+1.46114955E+00
+573.00E-06,+204.78643E-03,+1.46366211E+00
+574.00E-06,+152.02261E-03,+1.46114955E+00
+575.00E-06,+157.04774E-03,+1.46114955E+00
+576.00E-06,+188.20352E-03,+1.46366211E+00
+577.00E-06,+160.56533E-03,+1.46114955E+00
+578.00E-06,+124.38442E-03,+1.46114955E+00
+579.00E-06,+180.66583E-03,+1.46114955E+00
+580.00E-06,+184.68593E-03,+1.46114955E+00
+581.00E-06,+132.42462E-03,+1.46114955E+00
+582.00E-06,+168.60553E-03,+1.46114955E+00
+583.00E-06,+201.26884E-03,+1.46114955E+00
+584.00E-06,+172.12311E-03,+1.46114955E+00
+585.00E-06,+152.52513E-03,+1.46114955E+00
+586.00E-06,+204.78643E-03,+1.46114955E+00
+587.00E-06,+200.26382E-03,+1.47873748E+00
+588.00E-06,+139.96231E-03,+1.46114955E+00
+589.00E-06,+172.62563E-03,+1.46114955E+00
+590.00E-06,+188.70603E-03,+1.46114955E+00
+591.00E-06,+148.00251E-03,+1.46114955E+00
+592.00E-06,+135.94221E-03,+1.45863698E+00
+593.00E-06,+177.14824E-03,+1.46114955E+00
+594.00E-06,+172.62563E-03,+1.46114955E+00
+595.00E-06,+124.38442E-03,+1.46114955E+00
+596.00E-06,+172.62563E-03,+1.46114955E+00
+597.00E-06,+188.70603E-03,+1.46114955E+00
+598.00E-06,+143.98241E-03,+1.45863698E+00
+599.00E-06,+153.02764E-03,+1.44356161E+00
+600.00E-06,+201.26884E-03,+1.44104904E+00
+601.00E-06,+188.20352E-03,+1.45863698E+00
+602.00E-06,+156.54523E-03,+1.46114955E+00
+603.00E-06,+221.36935E-03,+1.46114955E+00
+604.00E-06,+244.98744E-03,+1.46114955E+00
+605.00E-06,+192.72613E-03,+1.46114955E+00
+606.00E-06,+221.36935E-03,+1.46114955E+00
+607.00E-06,+261.06784E-03,+1.46114955E+00
+608.00E-06,+244.48492E-03,+1.46114955E+00
+609.00E-06,+208.80653E-03,+1.46114955E+00
+610.00E-06,+261.06784E-03,+1.46114955E+00
+611.00E-06,+268.60553E-03,+1.46114955E+00
+612.00E-06,+212.82663E-03,+1.46114955E+00
+613.00E-06,+233.93216E-03,+1.47873748E+00
+614.00E-06,+264.58543E-03,+1.44858673E+00
+615.00E-06,+232.92713E-03,+1.46114955E+00
+616.00E-06,+205.28894E-03,+1.46114955E+00
+617.00E-06,+253.53015E-03,+1.46114955E+00
+618.00E-06,+253.02764E-03,+1.46114955E+00
+619.00E-06,+196.74623E-03,+1.46114955E+00
+620.00E-06,+229.40955E-03,+1.46114955E+00
+621.00E-06,+253.02764E-03,+1.47873748E+00
+622.00E-06,+212.82663E-03,+1.46114955E+00
+623.00E-06,+201.26884E-03,+1.46114955E+00
+624.00E-06,+249.00754E-03,+1.45863698E+00
+625.00E-06,+244.98744E-03,+1.46114955E+00
+626.00E-06,+192.22362E-03,+1.46114955E+00
+627.00E-06,+237.44975E-03,+1.46114955E+00
+628.00E-06,+257.04774E-03,+1.46114955E+00
+629.00E-06,+208.80653E-03,+1.46114955E+00
+630.00E-06,+220.86683E-03,+1.45863698E+00
+631.00E-06,+265.08794E-03,+1.46114955E+00
+632.00E-06,+252.52512E-03,+1.46114955E+00
+633.00E-06,+205.28894E-03,+1.46114955E+00
+634.00E-06,+253.02764E-03,+1.46114955E+00
+635.00E-06,+264.58543E-03,+1.46366211E+00
+636.00E-06,+208.80653E-03,+1.46114955E+00
+637.00E-06,+221.36935E-03,+1.46114955E+00
+638.00E-06,+257.55025E-03,+1.44356161E+00
+639.00E-06,+236.94723E-03,+1.46114955E+00
+640.00E-06,+196.74623E-03,+1.46114955E+00
+641.00E-06,+249.00754E-03,+1.45863698E+00
+642.00E-06,+253.02764E-03,+1.46114955E+00
+643.00E-06,+196.24372E-03,+1.46114955E+00
+644.00E-06,+225.38945E-03,+1.46114955E+00
+645.00E-06,+257.55025E-03,+1.46114955E+00
+646.00E-06,+228.90703E-03,+1.46114955E+00
+647.00E-06,+201.26884E-03,+1.46114955E+00
+648.00E-06,+249.00754E-03,+1.47873748E+00
+649.00E-06,+249.00754E-03,+1.46114955E+00
+650.00E-06,+196.24372E-03,+1.46114955E+00
+651.00E-06,+232.92713E-03,+1.46366211E+00
+652.00E-06,+260.56532E-03,+1.46114955E+00
+653.00E-06,+220.86683E-03,+1.47873748E+00
+654.00E-06,+208.80653E-03,+1.46114955E+00
+655.00E-06,+257.04774E-03,+1.46114955E+00
+656.00E-06,+256.54522E-03,+1.46114955E+00
+657.00E-06,+200.76633E-03,+1.46114955E+00
+658.00E-06,+241.46985E-03,+1.46114955E+00
+659.00E-06,+261.06784E-03,+1.46114955E+00
+660.00E-06,+216.34422E-03,+1.46114955E+00
+661.00E-06,+217.34924E-03,+1.46114955E+00
+662.00E-06,+265.08794E-03,+1.46114955E+00
+663.00E-06,+252.52512E-03,+1.46114955E+00
+664.00E-06,+204.78643E-03,+1.46114955E+00
+665.00E-06,+249.00754E-03,+1.44356161E+00
+666.00E-06,+261.06784E-03,+1.46114955E+00
+667.00E-06,+208.80653E-03,+1.46114955E+00
+668.00E-06,+221.36935E-03,+1.46114955E+00
+669.00E-06,+264.58543E-03,+1.46114955E+00
+670.00E-06,+244.48492E-03,+1.47873748E+00
+671.00E-06,+200.76633E-03,+1.46114955E+00
+672.00E-06,+249.51005E-03,+1.46114955E+00
+673.00E-06,+261.06784E-03,+1.46114955E+00
+674.00E-06,+204.78643E-03,+1.46114955E+00
+675.00E-06,+236.94723E-03,+1.46114955E+00
+676.00E-06,+269.10804E-03,+1.44356161E+00
+677.00E-06,+244.98744E-03,+1.46114955E+00
+678.00E-06,+212.82663E-03,+1.46114955E+00
+679.00E-06,+261.57035E-03,+1.44356161E+00
+680.00E-06,+261.06784E-03,+1.46114955E+00
+681.00E-06,+204.78643E-03,+1.46114955E+00
+682.00E-06,+237.44975E-03,+1.46114955E+00
+683.00E-06,+264.58543E-03,+1.46114955E+00
+684.00E-06,+228.40452E-03,+1.46114955E+00
+685.00E-06,+204.78643E-03,+1.46114955E+00
+686.00E-06,+253.02764E-03,+1.46114955E+00
+687.00E-06,+252.52512E-03,+1.46114955E+00
+688.00E-06,+192.72613E-03,+1.46114955E+00
+689.00E-06,+229.91206E-03,+1.46114955E+00
+690.00E-06,+253.02764E-03,+1.46114955E+00
+691.00E-06,+212.32412E-03,+1.46114955E+00
+692.00E-06,+213.32914E-03,+1.46114955E+00
+693.00E-06,+261.06784E-03,+1.44104904E+00
+694.00E-06,+253.02764E-03,+1.46114955E+00
+695.00E-06,+205.28894E-03,+1.46114955E+00
+696.00E-06,+257.55025E-03,+1.46114955E+00
+697.00E-06,+273.12814E-03,+1.46114955E+00
+698.00E-06,+228.40452E-03,+1.47873748E+00
+699.00E-06,+225.38945E-03,+1.46114955E+00
+700.00E-06,+265.08794E-03,+1.46114955E+00
+701.00E-06,+248.50502E-03,+1.46114955E+00
+702.00E-06,+200.76633E-03,+1.46114955E+00
+703.00E-06,+249.51005E-03,+1.44356161E+00
+704.00E-06,+260.56532E-03,+1.46114955E+00
+705.00E-06,+204.78643E-03,+1.46114955E+00
+706.00E-06,+228.90703E-03,+1.47873748E+00
+707.00E-06,+261.06784E-03,+1.44104904E+00
+708.00E-06,+240.46482E-03,+1.46114955E+00
+709.00E-06,+205.28894E-03,+1.46114955E+00
+710.00E-06,+257.04774E-03,+1.44356161E+00
+711.00E-06,+260.56532E-03,+1.46114955E+00
+712.00E-06,+204.28392E-03,+1.47873748E+00
+713.00E-06,+237.44975E-03,+1.46114955E+00
+714.00E-06,+264.58543E-03,+1.46114955E+00
+715.00E-06,+232.42462E-03,+1.46114955E+00
+716.00E-06,+209.30904E-03,+1.46114955E+00
+717.00E-06,+253.53015E-03,+1.46114955E+00
+718.00E-06,+256.54522E-03,+1.46114955E+00
+719.00E-06,+200.26382E-03,+1.46114955E+00
+720.00E-06,+244.98744E-03,+1.46114955E+00
+721.00E-06,+269.10804E-03,+1.44356161E+00
+722.00E-06,+232.42462E-03,+1.44356161E+00
+723.00E-06,+217.34924E-03,+1.46114955E+00
+724.00E-06,+265.08794E-03,+1.46114955E+00
+725.00E-06,+253.02764E-03,+1.46114955E+00
+726.00E-06,+200.76633E-03,+1.44356161E+00
+727.00E-06,+245.48995E-03,+1.46114955E+00
+728.00E-06,+265.08794E-03,+1.46114955E+00
+729.00E-06,+220.36432E-03,+1.46114955E+00
+730.00E-06,+217.34924E-03,+1.45863698E+00
+731.00E-06,+253.02764E-03,+1.45863698E+00
+732.00E-06,+240.46482E-03,+1.46114955E+00
+733.00E-06,+192.72613E-03,+1.44356161E+00
+734.00E-06,+244.98744E-03,+1.46114955E+00
+735.00E-06,+257.04774E-03,+1.46114955E+00
+736.00E-06,+208.30402E-03,+1.47873748E+00
+737.00E-06,+225.38945E-03,+1.46114955E+00
+738.00E-06,+265.08794E-03,+1.44356161E+00
+739.00E-06,+244.98744E-03,+1.46114955E+00
+740.00E-06,+208.80653E-03,+1.46114955E+00
+741.00E-06,+261.06784E-03,+1.46114955E+00
+742.00E-06,+265.08794E-03,+1.46114955E+00
+743.00E-06,+212.32412E-03,+1.46114955E+00
+744.00E-06,+232.92713E-03,+1.45863698E+00
+745.00E-06,+261.06784E-03,+1.46114955E+00
+746.00E-06,+232.42462E-03,+1.46114955E+00
+747.00E-06,+197.24874E-03,+1.46114955E+00
+748.00E-06,+245.48995E-03,+1.46114955E+00
+749.00E-06,+244.98744E-03,+1.46114955E+00
+750.00E-06,+192.72613E-03,+1.46114955E+00
+751.00E-06,+229.91206E-03,+1.46114955E+00
+752.00E-06,+261.57035E-03,+1.46114955E+00
+753.00E-06,+224.88693E-03,+1.46114955E+00
+754.00E-06,+208.80653E-03,+1.46114955E+00
+755.00E-06,+257.04774E-03,+1.44104904E+00
+756.00E-06,+252.52512E-03,+1.46114955E+00
+757.00E-06,+196.74623E-03,+1.46114955E+00
+758.00E-06,+244.48492E-03,+1.46114955E+00
+759.00E-06,+264.58543E-03,+1.46114955E+00
+760.00E-06,+220.36432E-03,+1.46114955E+00
+761.00E-06,+213.83166E-03,+1.46114955E+00
+762.00E-06,+257.55025E-03,+1.46114955E+00
+763.00E-06,+244.98744E-03,+1.46114955E+00
+764.00E-06,+200.26382E-03,+1.46114955E+00
+765.00E-06,+249.51005E-03,+1.44356161E+00
+766.00E-06,+261.06784E-03,+1.46114955E+00
+767.00E-06,+216.34422E-03,+1.46114955E+00
+768.00E-06,+225.38945E-03,+1.44104904E+00
+769.00E-06,+265.59045E-03,+1.46114955E+00
+770.00E-06,+244.98744E-03,+1.46114955E+00
+771.00E-06,+208.80653E-03,+1.46114955E+00
+772.00E-06,+257.04774E-03,+1.46114955E+00
+773.00E-06,+272.62563E-03,+1.46114955E+00
+774.00E-06,+216.34422E-03,+1.46366211E+00
+775.00E-06,+240.96734E-03,+1.46114955E+00
+776.00E-06,+272.62563E-03,+1.46114955E+00
+777.00E-06,+244.98744E-03,+1.44356161E+00
+778.00E-06,+209.30904E-03,+1.46114955E+00
+779.00E-06,+257.04774E-03,+1.46114955E+00
+780.00E-06,+253.02764E-03,+1.46366211E+00
+781.00E-06,+196.74623E-03,+1.46114955E+00
+782.00E-06,+229.40955E-03,+1.46114955E+00
+783.00E-06,+253.02764E-03,+1.46114955E+00
+784.00E-06,+220.36432E-03,+1.46114955E+00
+785.00E-06,+201.26884E-03,+1.46114955E+00
+786.00E-06,+249.00754E-03,+1.46114955E+00
+787.00E-06,+244.98744E-03,+1.46114955E+00
+788.00E-06,+189.20854E-03,+1.46114955E+00
+789.00E-06,+232.92713E-03,+1.46114955E+00
+790.00E-06,+252.52512E-03,+1.46114955E+00
+791.00E-06,+212.82663E-03,+1.46114955E+00
+792.00E-06,+201.26884E-03,+1.46114955E+00
+793.00E-06,+244.98744E-03,+1.46114955E+00
+794.00E-06,+232.42462E-03,+1.46114955E+00
+795.00E-06,+184.68593E-03,+1.46114955E+00
+796.00E-06,+232.92713E-03,+1.44104904E+00
+797.00E-06,+248.50502E-03,+1.46114955E+00
+798.00E-06,+200.26382E-03,+1.46366211E+00
+799.00E-06,+209.30904E-03,+1.46114955E+00
+800.00E-06,+253.02764E-03,+1.46114955E+00
+801.00E-06,+240.46482E-03,+1.46114955E+00
+802.00E-06,+197.24874E-03,+1.46114955E+00
+803.00E-06,+245.48995E-03,+1.46114955E+00
+804.00E-06,+261.06784E-03,+1.47873748E+00
+805.00E-06,+208.30402E-03,+1.47873748E+00
+806.00E-06,+224.88693E-03,+1.46114955E+00
+807.00E-06,+257.04774E-03,+1.46114955E+00
+808.00E-06,+232.92713E-03,+1.46114955E+00
+809.00E-06,+193.22864E-03,+1.46114955E+00
+810.00E-06,+249.00754E-03,+1.46114955E+00
+811.00E-06,+253.02764E-03,+1.44356161E+00
+812.00E-06,+196.74623E-03,+1.46114955E+00
+813.00E-06,+225.38945E-03,+1.46114955E+00
+814.00E-06,+257.04774E-03,+1.44356161E+00
+815.00E-06,+224.38442E-03,+1.46114955E+00
+816.00E-06,+204.78643E-03,+1.46114955E+00
+817.00E-06,+257.04774E-03,+1.46114955E+00
+818.00E-06,+260.56532E-03,+1.46114955E+00
+819.00E-06,+208.30402E-03,+1.46114955E+00
+820.00E-06,+237.44975E-03,+1.44356161E+00
+821.00E-06,+261.06784E-03,+1.46114955E+00
+822.00E-06,+220.36432E-03,+1.46366211E+00
+823.00E-06,+205.28894E-03,+1.46114955E+00
+824.00E-06,+253.02764E-03,+1.46114955E+00
+825.00E-06,+249.00754E-03,+1.47873748E+00
+826.00E-06,+192.72613E-03,+1.46114955E+00
+827.00E-06,+228.90703E-03,+1.45863698E+00
+828.00E-06,+244.98744E-03,+1.46114955E+00
+829.00E-06,+196.74623E-03,+1.46114955E+00
+830.00E-06,+201.26884E-03,+1.47873748E+00
+831.00E-06,+245.48995E-03,+1.46114955E+00
+832.00E-06,+236.94723E-03,+1.46114955E+00
+833.00E-06,+185.18844E-03,+1.46114955E+00
+834.00E-06,+237.44975E-03,+1.43853648E+00
+835.00E-06,+249.00754E-03,+1.46114955E+00
+836.00E-06,+200.26382E-03,+1.46366211E+00
+837.00E-06,+213.32914E-03,+1.45863698E+00
+838.00E-06,+253.02764E-03,+1.46114955E+00
+839.00E-06,+235.94221E-03,+1.46114955E+00
+840.00E-06,+193.22864E-03,+1.46114955E+00
+841.00E-06,+244.98744E-03,+1.44356161E+00
+842.00E-06,+253.02764E-03,+1.46114955E+00
+843.00E-06,+200.26382E-03,+1.46114955E+00
+844.00E-06,+220.86683E-03,+1.46114955E+00
+845.00E-06,+249.00754E-03,+1.44356161E+00
+846.00E-06,+220.86683E-03,+1.47873748E+00
+847.00E-06,+188.70603E-03,+1.46114955E+00
+848.00E-06,+244.98744E-03,+1.46114955E+00
+849.00E-06,+244.48492E-03,+1.46366211E+00
+850.00E-06,+188.70603E-03,+1.46114955E+00
+851.00E-06,+217.85176E-03,+1.46114955E+00
+852.00E-06,+249.00754E-03,+1.46114955E+00
+853.00E-06,+212.32412E-03,+1.46114955E+00
+854.00E-06,+197.24874E-03,+1.46114955E+00
+855.00E-06,+244.98744E-03,+1.44356161E+00
+856.00E-06,+240.46482E-03,+1.46114955E+00
+857.00E-06,+188.70603E-03,+1.44356161E+00
+858.00E-06,+236.94723E-03,+1.46114955E+00
+859.00E-06,+261.06784E-03,+1.46114955E+00
+860.00E-06,+220.86683E-03,+1.46114955E+00
+861.00E-06,+213.32914E-03,+1.46114955E+00
+862.00E-06,+261.06784E-03,+1.46114955E+00
+863.00E-06,+252.52512E-03,+1.46114955E+00
+864.00E-06,+196.74623E-03,+1.46114955E+00
+865.00E-06,+240.96734E-03,+1.46114955E+00
+866.00E-06,+249.00754E-03,+1.46114955E+00
+867.00E-06,+204.28392E-03,+1.46114955E+00
+868.00E-06,+208.80653E-03,+1.46114955E+00
+869.00E-06,+244.98744E-03,+1.44356161E+00
+870.00E-06,+224.88693E-03,+1.47873748E+00
+871.00E-06,+188.20352E-03,+1.46114955E+00
+872.00E-06,+240.46482E-03,+1.45863698E+00
+873.00E-06,+245.48995E-03,+1.46114955E+00
+874.00E-06,+200.26382E-03,+1.46114955E+00
+875.00E-06,+220.86683E-03,+1.46114955E+00
+876.00E-06,+257.04774E-03,+1.46114955E+00
+877.00E-06,+232.42462E-03,+1.47873748E+00
+878.00E-06,+196.74623E-03,+1.45863698E+00
+879.00E-06,+244.98744E-03,+1.46114955E+00
+880.00E-06,+244.98744E-03,+1.46114955E+00
+881.00E-06,+188.70603E-03,+1.46114955E+00
+882.00E-06,+217.34924E-03,+1.46114955E+00
+883.00E-06,+244.98744E-03,+1.46114955E+00
+884.00E-06,+212.82663E-03,+1.46114955E+00
+885.00E-06,+192.72613E-03,+1.46114955E+00
+886.00E-06,+240.96734E-03,+1.46114955E+00
+887.00E-06,+240.96734E-03,+1.46114955E+00
+888.00E-06,+188.70603E-03,+1.46366211E+00
+889.00E-06,+228.90703E-03,+1.44356161E+00
+890.00E-06,+257.04774E-03,+1.46114955E+00
+891.00E-06,+216.34422E-03,+1.46114955E+00
+892.00E-06,+205.28894E-03,+1.46114955E+00
+893.00E-06,+249.51005E-03,+1.46114955E+00
+894.00E-06,+244.98744E-03,+1.46114955E+00
+895.00E-06,+188.70603E-03,+1.46114955E+00
+896.00E-06,+229.40955E-03,+1.45863698E+00
+897.00E-06,+245.48995E-03,+1.46114955E+00
+898.00E-06,+196.24372E-03,+1.46114955E+00
+899.00E-06,+213.32914E-03,+1.46114955E+00
+900.00E-06,+257.04774E-03,+1.46114955E+00
+901.00E-06,+248.50502E-03,+1.46114955E+00
+902.00E-06,+200.76633E-03,+1.46114955E+00
+903.00E-06,+249.00754E-03,+1.45863698E+00
+904.00E-06,+261.06784E-03,+1.46114955E+00
+905.00E-06,+204.78643E-03,+1.46114955E+00
+906.00E-06,+221.36935E-03,+1.46114955E+00
+907.00E-06,+260.56532E-03,+1.46114955E+00
+908.00E-06,+232.42462E-03,+1.46114955E+00
+909.00E-06,+196.74623E-03,+1.46114955E+00
+910.00E-06,+240.96734E-03,+1.44104904E+00
+911.00E-06,+244.98744E-03,+1.46114955E+00
+912.00E-06,+188.70603E-03,+1.46114955E+00
+913.00E-06,+217.85176E-03,+1.46114955E+00
+914.00E-06,+249.51005E-03,+1.46114955E+00
+915.00E-06,+220.36432E-03,+1.44356161E+00
+916.00E-06,+193.22864E-03,+1.46114955E+00
+917.00E-06,+244.98744E-03,+1.46114955E+00
+918.00E-06,+240.96734E-03,+1.48125005E+00
+919.00E-06,+185.18844E-03,+1.48125005E+00
+920.00E-06,+225.38945E-03,+1.46114955E+00
+921.00E-06,+253.02764E-03,+1.46114955E+00
+922.00E-06,+216.84673E-03,+1.46114955E+00
+923.00E-06,+201.26884E-03,+1.46114955E+00
+924.00E-06,+248.50502E-03,+1.46114955E+00
+925.00E-06,+236.94723E-03,+1.46114955E+00
+926.00E-06,+188.70603E-03,+1.46114955E+00
+927.00E-06,+236.94723E-03,+1.46114955E+00
+928.00E-06,+253.02764E-03,+1.46114955E+00
+929.00E-06,+208.80653E-03,+1.46114955E+00
+930.00E-06,+205.28894E-03,+1.46114955E+00
+931.00E-06,+244.98744E-03,+1.46114955E+00
+932.00E-06,+232.42462E-03,+1.46114955E+00
+933.00E-06,+184.68593E-03,+1.46114955E+00
+934.00E-06,+229.40955E-03,+1.46114955E+00
+935.00E-06,+244.98744E-03,+1.46114955E+00
+936.00E-06,+192.72613E-03,+1.46114955E+00
+937.00E-06,+212.82663E-03,+1.46114955E+00
+938.00E-06,+249.51005E-03,+1.46114955E+00
+939.00E-06,+228.90703E-03,+1.46366211E+00
+940.00E-06,+196.74623E-03,+1.46114955E+00
+941.00E-06,+253.02764E-03,+1.46114955E+00
+942.00E-06,+264.58543E-03,+1.46114955E+00
+943.00E-06,+208.80653E-03,+1.46114955E+00
+944.00E-06,+232.92713E-03,+1.46114955E+00
+945.00E-06,+261.57035E-03,+1.46114955E+00
+946.00E-06,+236.44472E-03,+1.46114955E+00
+947.00E-06,+200.76633E-03,+1.46114955E+00
+948.00E-06,+245.48995E-03,+1.46114955E+00
+949.00E-06,+244.98744E-03,+1.46114955E+00
+950.00E-06,+188.70603E-03,+1.46114955E+00
+951.00E-06,+224.88693E-03,+1.45863698E+00
+952.00E-06,+249.00754E-03,+1.46114955E+00
+953.00E-06,+212.82663E-03,+1.46114955E+00
+954.00E-06,+196.74623E-03,+1.46114955E+00
+955.00E-06,+244.98744E-03,+1.46114955E+00
+956.00E-06,+236.94723E-03,+1.46114955E+00
+957.00E-06,+184.68593E-03,+1.46114955E+00
+958.00E-06,+229.40955E-03,+1.46114955E+00
+959.00E-06,+253.02764E-03,+1.46114955E+00
+960.00E-06,+208.80653E-03,+1.46114955E+00
+961.00E-06,+204.78643E-03,+1.46114955E+00
+962.00E-06,+245.48995E-03,+1.46114955E+00
+963.00E-06,+232.92713E-03,+1.46114955E+00
+964.00E-06,+184.68593E-03,+1.46114955E+00
+965.00E-06,+240.46482E-03,+1.45863698E+00
+966.00E-06,+253.02764E-03,+1.46114955E+00
+967.00E-06,+204.78643E-03,+1.46114955E+00
+968.00E-06,+209.30904E-03,+1.46114955E+00
+969.00E-06,+249.00754E-03,+1.46114955E+00
+970.00E-06,+228.90703E-03,+1.46114955E+00
+971.00E-06,+188.70603E-03,+1.46114955E+00
+972.00E-06,+241.46985E-03,+1.45863698E+00
+973.00E-06,+253.02764E-03,+1.46114955E+00
+974.00E-06,+196.74623E-03,+1.44356161E+00
+975.00E-06,+220.86683E-03,+1.46114955E+00
+976.00E-06,+253.02764E-03,+1.46114955E+00
+977.00E-06,+224.88693E-03,+1.46114955E+00
+978.00E-06,+192.72613E-03,+1.46114955E+00
+979.00E-06,+244.98744E-03,+1.46114955E+00
+980.00E-06,+248.50502E-03,+1.46114955E+00
+981.00E-06,+192.72613E-03,+1.46114955E+00
+982.00E-06,+229.40955E-03,+1.46114955E+00
+983.00E-06,+265.08794E-03,+1.46114955E+00
+984.00E-06,+228.90703E-03,+1.46114955E+00
+985.00E-06,+205.79146E-03,+1.46114955E+00
+986.00E-06,+253.02764E-03,+1.46114955E+00
+987.00E-06,+248.50502E-03,+1.46114955E+00
+988.00E-06,+192.22362E-03,+1.46114955E+00
+989.00E-06,+229.40955E-03,+1.46114955E+00
+990.00E-06,+253.02764E-03,+1.46114955E+00
+991.00E-06,+208.30402E-03,+1.46114955E+00
+992.00E-06,+201.26884E-03,+1.46114955E+00
+993.00E-06,+249.00754E-03,+1.46114955E+00
+994.00E-06,+236.44472E-03,+1.46114955E+00
+995.00E-06,+184.68593E-03,+1.46114955E+00
+996.00E-06,+229.40955E-03,+1.46114955E+00
+997.00E-06,+245.48995E-03,+1.46114955E+00
+998.00E-06,+200.76633E-03,+1.46114955E+00
+999.00E-06,+205.79146E-03,+1.46114955E+00
+1.00000E-03,+244.98744E-03,+1.46114955E+00
+1.00100E-03,+228.90703E-03,+1.46114955E+00
+1.00200E-03,+184.68593E-03,+1.46114955E+00
+1.00300E-03,+232.92713E-03,+1.46114955E+00
+1.00400E-03,+249.00754E-03,+1.46114955E+00
+1.00500E-03,+193.22864E-03,+1.46114955E+00
+1.00600E-03,+216.84673E-03,+1.46114955E+00
+1.00700E-03,+253.02764E-03,+1.46114955E+00
+1.00800E-03,+228.40452E-03,+1.46114955E+00
+1.00900E-03,+192.72613E-03,+1.46114955E+00
+1.01000E-03,+244.98744E-03,+1.46114955E+00
+1.01100E-03,+249.00754E-03,+1.46114955E+00
+1.01200E-03,+196.24372E-03,+1.46114955E+00
+1.01300E-03,+221.36935E-03,+1.46114955E+00
+1.01400E-03,+249.00754E-03,+1.46114955E+00
+1.01500E-03,+216.34422E-03,+1.46114955E+00
+1.01600E-03,+192.72613E-03,+1.46114955E+00
+1.01700E-03,+244.98744E-03,+1.46114955E+00
+1.01800E-03,+240.96734E-03,+1.46114955E+00
+1.01900E-03,+188.70603E-03,+1.46114955E+00
+1.02000E-03,+225.38945E-03,+1.44104904E+00
+1.02100E-03,+249.51005E-03,+1.46114955E+00
+1.02200E-03,+208.30402E-03,+1.46114955E+00
+1.02300E-03,+201.26884E-03,+1.46114955E+00
+1.02400E-03,+253.02764E-03,+1.46114955E+00
+1.02500E-03,+248.50502E-03,+1.46114955E+00
+1.02600E-03,+193.22864E-03,+1.46114955E+00
+1.02700E-03,+240.96734E-03,+1.46114955E+00
+1.02800E-03,+261.06784E-03,+1.46114955E+00
+1.02900E-03,+212.32412E-03,+1.46114955E+00
+1.03000E-03,+212.82663E-03,+1.46114955E+00
+1.03100E-03,+257.04774E-03,+1.46114955E+00
+1.03200E-03,+244.98744E-03,+1.46114955E+00
+1.03300E-03,+197.24874E-03,+1.46114955E+00
+1.03400E-03,+245.48995E-03,+1.44104904E+00
+1.03500E-03,+253.02764E-03,+1.46114955E+00
+1.03600E-03,+196.74623E-03,+1.46114955E+00
+1.03700E-03,+209.30904E-03,+1.46114955E+00
+1.03800E-03,+244.98744E-03,+1.44356161E+00
+1.03900E-03,+224.38442E-03,+1.46114955E+00
+1.04000E-03,+188.70603E-03,+1.44356161E+00
+1.04100E-03,+241.46985E-03,+1.46114955E+00
+1.04200E-03,+249.00754E-03,+1.46114955E+00
+1.04300E-03,+192.72613E-03,+1.46114955E+00
+1.04400E-03,+220.86683E-03,+1.46114955E+00
+1.04500E-03,+249.00754E-03,+1.46114955E+00
+1.04600E-03,+216.34422E-03,+1.46114955E+00
+1.04700E-03,+189.20854E-03,+1.46114955E+00
+1.04800E-03,+244.98744E-03,+1.46114955E+00
+1.04900E-03,+248.50502E-03,+1.46114955E+00
+1.05000E-03,+188.70603E-03,+1.46114955E+00
+1.05100E-03,+224.88693E-03,+1.46114955E+00
+1.05200E-03,+249.00754E-03,+1.46114955E+00
+1.05300E-03,+212.32412E-03,+1.46114955E+00
+1.05400E-03,+197.24874E-03,+1.46114955E+00
+1.05500E-03,+248.50502E-03,+1.46114955E+00
+1.05600E-03,+244.48492E-03,+1.46114955E+00
+1.05700E-03,+188.20352E-03,+1.46114955E+00
+1.05800E-03,+221.36935E-03,+1.47622492E+00
+1.05900E-03,+236.94723E-03,+1.47873748E+00
+1.06000E-03,+192.22362E-03,+1.46114955E+00
+1.06100E-03,+172.12311E-03,+1.46114955E+00
+1.06200E-03,+200.76633E-03,+1.46114955E+00
+1.06300E-03,+180.66583E-03,+1.46114955E+00
+1.06400E-03,+128.40452E-03,+1.46114955E+00
+1.06500E-03,+177.14824E-03,+1.46114955E+00
+1.06600E-03,+192.72613E-03,+1.47873748E+00
+1.06700E-03,+144.48492E-03,+1.46114955E+00
+1.06800E-03,+149.00754E-03,+1.46114955E+00
+1.06900E-03,+188.70603E-03,+1.47873748E+00
+1.07000E-03,+172.12311E-03,+1.46366211E+00
+1.07100E-03,+120.86683E-03,+1.46114955E+00
+1.07200E-03,+165.08794E-03,+1.45863698E+00
+1.07300E-03,+172.62563E-03,+1.46114955E+00
+1.07400E-03,+119.86181E-03,+1.46114955E+00
+1.07500E-03,+137.44975E-03,+1.46114955E+00
+1.07600E-03,+176.64573E-03,+1.46114955E+00
+1.07700E-03,+152.02261E-03,+1.46114955E+00
+1.07800E-03,+119.86181E-03,+1.42094854E+00
+1.07900E-03,+172.62563E-03,+1.46114955E+00
+1.08000E-03,+172.62563E-03,+1.46114955E+00
+1.08100E-03,+116.34422E-03,+1.46114955E+00
+1.08200E-03,+152.52513E-03,+1.45863698E+00
+1.08300E-03,+181.16834E-03,+1.46114955E+00
+1.08400E-03,+152.02261E-03,+1.46114955E+00
+1.08500E-03,+128.40452E-03,+1.46114955E+00
+1.08600E-03,+176.64573E-03,+1.46114955E+00
+1.08700E-03,+172.12311E-03,+1.46114955E+00
+1.08800E-03,+116.34422E-03,+1.46114955E+00
+1.08900E-03,+152.52513E-03,+1.46114955E+00
+1.09000E-03,+172.62563E-03,+1.46366211E+00
+1.09100E-03,+131.92211E-03,+1.46366211E+00
+1.09200E-03,+124.38442E-03,+1.46114955E+00
+1.09300E-03,+172.62563E-03,+1.46114955E+00
+1.09400E-03,+164.08291E-03,+1.46114955E+00
+1.09500E-03,+111.82161E-03,+1.46114955E+00
+1.09600E-03,+157.04774E-03,+1.46114955E+00
+1.09700E-03,+172.62563E-03,+1.45863698E+00
+1.09800E-03,+128.40452E-03,+1.46114955E+00
+1.09900E-03,+132.92714E-03,+1.46366211E+00
+1.10000E-03,+176.64573E-03,+1.46114955E+00
+1.10100E-03,+160.06281E-03,+1.46114955E+00
+1.10200E-03,+112.32412E-03,+1.46114955E+00
+1.10300E-03,+160.56533E-03,+1.46114955E+00
+1.10400E-03,+172.12311E-03,+1.46114955E+00
+1.10500E-03,+116.34422E-03,+1.46114955E+00
+1.10600E-03,+156.54523E-03,+1.46114955E+00
+1.10700E-03,+204.78643E-03,+1.46114955E+00
+1.10800E-03,+187.70100E-03,+1.46114955E+00
+1.10900E-03,+144.48492E-03,+1.46114955E+00
+1.11000E-03,+189.20854E-03,+1.47873748E+00
+1.11100E-03,+192.22362E-03,+1.47873748E+00
+1.11200E-03,+135.94221E-03,+1.47873748E+00
+1.11300E-03,+156.54523E-03,+1.47873748E+00
+1.11400E-03,+184.68593E-03,+1.46114955E+00
+1.11500E-03,+148.00251E-03,+1.46114955E+00
+1.11600E-03,+120.36432E-03,+1.46114955E+00
+1.11700E-03,+168.60553E-03,+1.46114955E+00
+1.11800E-03,+164.58543E-03,+1.47622492E+00
+1.11900E-03,+108.30402E-03,+1.46114955E+00
+1.12000E-03,+149.00754E-03,+1.46114955E+00
+1.12100E-03,+176.64573E-03,+1.46114955E+00
+1.12200E-03,+139.96231E-03,+1.46114955E+00
+1.12300E-03,+120.86683E-03,+1.44356161E+00
+1.12400E-03,+172.62563E-03,+1.47873748E+00
+1.12500E-03,+164.08291E-03,+1.46114955E+00
+1.12600E-03,+112.32412E-03,+1.46114955E+00
+1.12700E-03,+160.56533E-03,+1.46114955E+00
+1.12800E-03,+180.66583E-03,+1.46114955E+00
+1.12900E-03,+139.96231E-03,+1.46114955E+00
+1.13000E-03,+136.94724E-03,+1.46114955E+00
+1.13100E-03,+177.14824E-03,+1.46114955E+00
+1.13200E-03,+164.08291E-03,+1.44356161E+00
+1.13300E-03,+116.34422E-03,+1.46114955E+00
+1.13400E-03,+164.58543E-03,+1.46114955E+00
+1.13500E-03,+177.14824E-03,+1.47873748E+00
+1.13600E-03,+128.40452E-03,+1.46366211E+00
+1.13700E-03,+140.46482E-03,+1.46366211E+00
+1.13800E-03,+176.64573E-03,+1.44356161E+00
+1.13900E-03,+160.06281E-03,+1.46114955E+00
+1.14000E-03,+112.32412E-03,+1.46114955E+00
+1.14100E-03,+165.08794E-03,+1.46114955E+00
+1.14200E-03,+168.60553E-03,+1.46114955E+00
+1.14300E-03,+116.34422E-03,+1.46114955E+00
+1.14400E-03,+140.96734E-03,+1.45863698E+00
+1.14500E-03,+176.64573E-03,+1.46114955E+00
+1.14600E-03,+148.00251E-03,+1.44356161E+00
+1.14700E-03,+128.40452E-03,+1.46114955E+00
+1.14800E-03,+189.20854E-03,+1.46366211E+00
+1.14900E-03,+196.74623E-03,+1.46114955E+00
+1.15000E-03,+140.46482E-03,+1.46114955E+00
+1.15100E-03,+176.64573E-03,+1.46114955E+00
+1.15200E-03,+196.74623E-03,+1.46114955E+00
+1.15300E-03,+160.56533E-03,+1.46114955E+00
+1.15400E-03,+136.44472E-03,+1.46114955E+00
+1.15500E-03,+177.14824E-03,+1.44356161E+00
+1.15600E-03,+168.60553E-03,+1.46114955E+00
+1.15700E-03,+112.32412E-03,+1.46114955E+00
+1.15800E-03,+156.54523E-03,+1.46114955E+00
+1.15900E-03,+176.64573E-03,+1.46366211E+00
+1.16000E-03,+135.94221E-03,+1.46114955E+00
+1.16100E-03,+128.90703E-03,+1.46114955E+00
+1.16200E-03,+172.62563E-03,+1.46114955E+00
+1.16300E-03,+160.06281E-03,+1.46114955E+00
+1.16400E-03,+112.32412E-03,+1.46114955E+00
+1.16500E-03,+164.58543E-03,+1.44356161E+00
+1.16600E-03,+180.66583E-03,+1.46114955E+00
+1.16700E-03,+132.42462E-03,+1.47873748E+00
+1.16800E-03,+140.46482E-03,+1.45863698E+00
+1.16900E-03,+180.66583E-03,+1.46114955E+00
+1.17000E-03,+160.06281E-03,+1.46114955E+00
+1.17100E-03,+120.36432E-03,+1.46114955E+00
+1.17200E-03,+172.62563E-03,+1.46114955E+00
+1.17300E-03,+184.18342E-03,+1.46114955E+00
+1.17400E-03,+127.90201E-03,+1.46366211E+00
+1.17500E-03,+144.98744E-03,+1.46114955E+00
+1.17600E-03,+176.64573E-03,+1.46114955E+00
+1.17700E-03,+148.50502E-03,+1.46114955E+00
+1.17800E-03,+120.36432E-03,+1.46114955E+00
+1.17900E-03,+169.10804E-03,+1.46114955E+00
+1.18000E-03,+176.64573E-03,+1.46114955E+00
+1.18100E-03,+123.88191E-03,+1.46114955E+00
+1.18200E-03,+153.02764E-03,+1.45863698E+00
+1.18300E-03,+180.66583E-03,+1.46114955E+00
+1.18400E-03,+144.48492E-03,+1.46114955E+00
+1.18500E-03,+120.86683E-03,+1.46114955E+00
+1.18600E-03,+168.60553E-03,+1.45863698E+00
+1.18700E-03,+164.08291E-03,+1.46114955E+00
+1.18800E-03,+112.32412E-03,+1.46114955E+00
+1.18900E-03,+169.61055E-03,+1.46114955E+00
+1.19000E-03,+204.28392E-03,+1.46114955E+00
+1.19100E-03,+168.10301E-03,+1.46114955E+00
+1.19200E-03,+152.52513E-03,+1.46114955E+00
+1.19300E-03,+189.20854E-03,+1.46114955E+00
+1.19400E-03,+176.14322E-03,+1.46114955E+00
+1.19500E-03,+120.36432E-03,+1.46366211E+00
+1.19600E-03,+165.08794E-03,+1.46114955E+00
+1.19700E-03,+177.14824E-03,+1.46114955E+00
+1.19800E-03,+131.92211E-03,+1.46114955E+00
+1.19900E-03,+132.92714E-03,+1.46114955E+00
+1.20000E-03,+172.62563E-03,+1.46114955E+00
+1.20100E-03,+156.54523E-03,+1.46114955E+00
+1.20200E-03,+108.30402E-03,+1.46114955E+00
+1.20300E-03,+165.08794E-03,+1.46366211E+00
+1.20400E-03,+180.66583E-03,+1.46114955E+00
+1.20500E-03,+127.90201E-03,+1.44356161E+00
+1.20600E-03,+140.96734E-03,+1.44356161E+00
+1.20700E-03,+176.64573E-03,+1.46114955E+00
+1.20800E-03,+155.54020E-03,+1.44356161E+00
+1.20900E-03,+120.36432E-03,+1.46114955E+00
+1.21000E-03,+176.64573E-03,+1.45863698E+00
+1.21100E-03,+192.22362E-03,+1.46114955E+00
+1.21200E-03,+139.96231E-03,+1.47873748E+00
+1.21300E-03,+161.06784E-03,+1.46114955E+00
+1.21400E-03,+180.66583E-03,+1.46114955E+00
+1.21500E-03,+143.98241E-03,+1.47873748E+00
+1.21600E-03,+120.36432E-03,+1.46114955E+00
+1.21700E-03,+172.62563E-03,+1.44356161E+00
+1.21800E-03,+176.64573E-03,+1.46114955E+00
+1.21900E-03,+120.36432E-03,+1.47873748E+00
+1.22000E-03,+156.54523E-03,+1.46114955E+00
+1.22100E-03,+176.64573E-03,+1.46114955E+00
+1.22200E-03,+140.46482E-03,+1.47873748E+00
+1.22300E-03,+132.42462E-03,+1.46114955E+00
+1.22400E-03,+180.66583E-03,+1.46114955E+00
+1.22500E-03,+172.62563E-03,+1.46114955E+00
+1.22600E-03,+124.38442E-03,+1.46114955E+00
+1.22700E-03,+161.06784E-03,+1.46114955E+00
+1.22800E-03,+180.66583E-03,+1.46114955E+00
+1.22900E-03,+136.44472E-03,+1.46114955E+00
+1.23000E-03,+144.98744E-03,+1.44356161E+00
+1.23100E-03,+196.74623E-03,+1.46114955E+00
+1.23200E-03,+184.68593E-03,+1.46114955E+00
+1.23300E-03,+136.44472E-03,+1.46114955E+00
+1.23400E-03,+181.16834E-03,+1.44356161E+00
+1.23500E-03,+192.72613E-03,+1.46114955E+00
+1.23600E-03,+140.96734E-03,+1.46114955E+00
+1.23700E-03,+144.48492E-03,+1.46114955E+00
+1.23800E-03,+176.64573E-03,+1.46114955E+00
+1.23900E-03,+152.52513E-03,+1.46114955E+00
+1.24000E-03,+108.80653E-03,+1.46114955E+00
+1.24100E-03,+161.06784E-03,+1.44104904E+00
+1.24200E-03,+172.62563E-03,+1.46114955E+00
+1.24300E-03,+119.86181E-03,+1.46114955E+00
+1.24400E-03,+143.98241E-03,+1.46114955E+00
+1.24500E-03,+176.14322E-03,+1.46114955E+00
+1.24600E-03,+148.00251E-03,+1.46114955E+00
+1.24700E-03,+124.38442E-03,+1.46114955E+00
+1.24800E-03,+181.16834E-03,+1.46114955E+00
+1.24900E-03,+184.68593E-03,+1.46114955E+00
+1.25000E-03,+131.92211E-03,+1.46114955E+00
+1.25100E-03,+157.04774E-03,+1.46114955E+00
+1.25200E-03,+176.64573E-03,+1.46114955E+00
+1.25300E-03,+143.98241E-03,+1.46114955E+00
+1.25400E-03,+124.38442E-03,+1.46114955E+00
+1.25500E-03,+176.64573E-03,+1.45863698E+00
+1.25600E-03,+176.14322E-03,+1.46114955E+00
+1.25700E-03,+120.86683E-03,+1.46114955E+00
+1.25800E-03,+161.06784E-03,+1.45863698E+00
+1.25900E-03,+180.16332E-03,+1.46114955E+00
+1.26000E-03,+136.44472E-03,+1.46114955E+00
+1.26100E-03,+132.92714E-03,+1.47873748E+00
+1.26200E-03,+180.66583E-03,+1.46114955E+00
+1.26300E-03,+172.12311E-03,+1.46114955E+00
+1.26400E-03,+120.36432E-03,+1.46114955E+00
+1.26500E-03,+165.08794E-03,+1.44356161E+00
+1.26600E-03,+177.14824E-03,+1.46114955E+00
+1.26700E-03,+131.92211E-03,+1.46114955E+00
+1.26800E-03,+136.94724E-03,+1.44356161E+00
+1.26900E-03,+180.66583E-03,+1.44356161E+00
+1.27000E-03,+160.56533E-03,+1.46366211E+00
+1.27100E-03,+124.88693E-03,+1.46114955E+00
+1.27200E-03,+185.18844E-03,+1.46114955E+00
+1.27300E-03,+204.28392E-03,+1.46114955E+00
+1.27400E-03,+152.02261E-03,+1.46114955E+00
+1.27500E-03,+168.60553E-03,+1.46114955E+00
+1.27600E-03,+197.24874E-03,+1.46114955E+00
+1.27700E-03,+180.16332E-03,+1.46114955E+00
+1.27800E-03,+136.44472E-03,+1.46114955E+00
+1.27900E-03,+176.64573E-03,+1.46114955E+00
+1.28000E-03,+180.16332E-03,+1.46366211E+00
+1.28100E-03,+123.88191E-03,+1.46114955E+00
+1.28200E-03,+144.48492E-03,+1.46114955E+00
+1.28300E-03,+168.60553E-03,+1.46114955E+00
+1.28400E-03,+139.96231E-03,+1.46114955E+00
+1.28500E-03,+116.34422E-03,+1.46114955E+00
+1.28600E-03,+168.60553E-03,+1.46366211E+00
+1.28700E-03,+168.60553E-03,+1.46114955E+00
+1.28800E-03,+115.84171E-03,+1.46114955E+00
+1.28900E-03,+156.54523E-03,+1.47873748E+00
+1.29000E-03,+180.66583E-03,+1.46114955E+00
+1.29100E-03,+136.44472E-03,+1.46114955E+00
+1.29200E-03,+128.40452E-03,+1.46114955E+00
+1.29300E-03,+180.66583E-03,+1.46114955E+00
+1.29400E-03,+172.62563E-03,+1.46114955E+00
+1.29500E-03,+124.38442E-03,+1.46114955E+00
+1.29600E-03,+164.58543E-03,+1.46114955E+00
+1.29700E-03,+184.18342E-03,+1.47873748E+00
+1.29800E-03,+135.94221E-03,+1.46114955E+00
+1.29900E-03,+136.94724E-03,+1.46114955E+00
+1.30000E-03,+184.68593E-03,+1.46114955E+00
+1.30100E-03,+172.12311E-03,+1.46114955E+00
+1.30200E-03,+120.36432E-03,+1.46114955E+00
+1.30300E-03,+169.10804E-03,+1.46114955E+00
+1.30400E-03,+180.66583E-03,+1.46114955E+00
+1.30500E-03,+131.41960E-03,+1.46114955E+00
+1.30600E-03,+144.48492E-03,+1.46114955E+00
+1.30700E-03,+180.66583E-03,+1.46114955E+00
+1.30800E-03,+164.58543E-03,+1.46114955E+00
+1.30900E-03,+120.36432E-03,+1.46114955E+00
+1.31000E-03,+169.10804E-03,+1.46114955E+00
+1.31100E-03,+172.62563E-03,+1.46114955E+00
+1.31200E-03,+123.88191E-03,+1.46114955E+00
+1.31300E-03,+165.08794E-03,+1.44356161E+00
+1.31400E-03,+204.28392E-03,+1.47873748E+00
+1.31500E-03,+184.18342E-03,+1.47873748E+00
+1.31600E-03,+149.00754E-03,+1.46114955E+00
+1.31700E-03,+193.22864E-03,+1.44356161E+00
+1.31800E-03,+192.22362E-03,+1.45863698E+00
+1.31900E-03,+136.44472E-03,+1.46114955E+00
+1.32000E-03,+165.08794E-03,+1.46114955E+00
+1.32100E-03,+188.70603E-03,+1.46114955E+00
+1.32200E-03,+152.52513E-03,+1.46114955E+00
+1.32300E-03,+128.90703E-03,+1.46114955E+00
+1.32400E-03,+176.64573E-03,+1.46114955E+00
+1.32500E-03,+168.60553E-03,+1.46114955E+00
+1.32600E-03,+112.32412E-03,+1.46114955E+00
+1.32700E-03,+149.00754E-03,+1.46114955E+00
+1.32800E-03,+168.60553E-03,+1.46114955E+00
+1.32900E-03,+128.40452E-03,+1.46114955E+00
+1.33000E-03,+124.88693E-03,+1.45863698E+00
+1.33100E-03,+176.14322E-03,+1.46114955E+00
+1.33200E-03,+164.58543E-03,+1.46366211E+00
+1.33300E-03,+116.34422E-03,+1.46114955E+00
+1.33400E-03,+164.58543E-03,+1.46114955E+00
+1.33500E-03,+176.64573E-03,+1.46114955E+00
+1.33600E-03,+128.40452E-03,+1.46114955E+00
+1.33700E-03,+140.46482E-03,+1.51391336E+00
+1.33800E-03,+180.66583E-03,+1.46114955E+00
+1.33900E-03,+164.08291E-03,+1.46114955E+00
+1.34000E-03,+123.88191E-03,+1.46114955E+00
+1.34100E-03,+168.60553E-03,+1.46114955E+00
+1.34200E-03,+176.64573E-03,+1.46114955E+00
+1.34300E-03,+127.90201E-03,+1.46114955E+00
+1.34400E-03,+148.50502E-03,+1.46114955E+00
+1.34500E-03,+180.66583E-03,+1.46114955E+00
+1.34600E-03,+160.06281E-03,+1.44356161E+00
+1.34700E-03,+120.86683E-03,+1.46114955E+00
+1.34800E-03,+172.62563E-03,+1.46114955E+00
+1.34900E-03,+172.62563E-03,+1.46114955E+00
+1.35000E-03,+116.34422E-03,+1.46114955E+00
+1.35100E-03,+149.00754E-03,+1.46114955E+00
+1.35200E-03,+180.66583E-03,+1.46114955E+00
+1.35300E-03,+152.02261E-03,+1.46114955E+00
+1.35400E-03,+136.94724E-03,+1.46114955E+00
+1.35500E-03,+192.72613E-03,+1.46114955E+00
+1.35600E-03,+196.74623E-03,+1.46114955E+00
+1.35700E-03,+143.98241E-03,+1.46114955E+00
+1.35800E-03,+180.66583E-03,+1.46114955E+00
+1.35900E-03,+200.76633E-03,+1.46114955E+00
+1.36000E-03,+156.54523E-03,+1.46114955E+00
+1.36100E-03,+140.46482E-03,+1.45863698E+00
+1.36200E-03,+177.14824E-03,+1.46114955E+00
+1.36300E-03,+164.58543E-03,+1.46114955E+00
+1.36400E-03,+112.32412E-03,+1.46114955E+00
+1.36500E-03,+160.56533E-03,+1.46114955E+00
+1.36600E-03,+180.16332E-03,+1.45863698E+00
+1.36700E-03,+135.94221E-03,+1.46114955E+00
+1.36800E-03,+132.92714E-03,+1.46114955E+00
+1.36900E-03,+176.64573E-03,+1.46114955E+00
+1.37000E-03,+164.08291E-03,+1.46114955E+00
+1.37100E-03,+115.84171E-03,+1.46114955E+00
+1.37200E-03,+164.58543E-03,+1.46114955E+00
+1.37300E-03,+176.64573E-03,+1.46114955E+00
+1.37400E-03,+127.90201E-03,+1.46114955E+00
+1.37500E-03,+140.96734E-03,+1.46114955E+00
+1.37600E-03,+180.66583E-03,+1.46114955E+00
+1.37700E-03,+160.06281E-03,+1.44356161E+00
+1.37800E-03,+120.36432E-03,+1.46114955E+00
+1.37900E-03,+168.60553E-03,+1.45863698E+00
+1.38000E-03,+172.62563E-03,+1.44356161E+00
+1.38100E-03,+116.34422E-03,+1.46114955E+00
+1.38200E-03,+145.48995E-03,+1.46114955E+00
+1.38300E-03,+180.66583E-03,+1.46114955E+00
+1.38400E-03,+152.02261E-03,+1.46114955E+00
+1.38500E-03,+128.40452E-03,+1.46114955E+00
+1.38600E-03,+176.64573E-03,+1.46114955E+00
+1.38700E-03,+176.14322E-03,+1.46114955E+00
+1.38800E-03,+124.38442E-03,+1.46114955E+00
+1.38900E-03,+160.56533E-03,+1.46114955E+00
+1.39000E-03,+184.68593E-03,+1.46114955E+00
+1.39100E-03,+151.52010E-03,+1.46114955E+00
+1.39200E-03,+132.42462E-03,+1.46114955E+00
+1.39300E-03,+177.14824E-03,+1.46114955E+00
+1.39400E-03,+168.60553E-03,+1.46114955E+00
+1.39500E-03,+120.86683E-03,+1.46114955E+00
+1.39600E-03,+184.68593E-03,+1.46114955E+00
+1.39700E-03,+208.80653E-03,+1.46114955E+00
+1.39800E-03,+168.10301E-03,+1.46114955E+00
+1.39900E-03,+161.06784E-03,+1.46114955E+00
+1.40000E-03,+193.22864E-03,+1.46114955E+00
+1.40100E-03,+180.16332E-03,+1.46114955E+00
+1.40200E-03,+128.40452E-03,+1.47873748E+00
+1.40300E-03,+172.62563E-03,+1.46114955E+00
+1.40400E-03,+184.68593E-03,+1.46114955E+00
+1.40500E-03,+132.42462E-03,+1.46114955E+00
+1.40600E-03,+136.94724E-03,+1.45863698E+00
+1.40700E-03,+176.14322E-03,+1.46114955E+00
+1.40800E-03,+152.52513E-03,+1.46114955E+00
+1.40900E-03,+112.32412E-03,+1.46114955E+00
+1.41000E-03,+168.60553E-03,+1.46114955E+00
+1.41100E-03,+176.64573E-03,+1.46114955E+00
+1.41200E-03,+127.90201E-03,+1.46114955E+00
+1.41300E-03,+148.50502E-03,+1.46114955E+00
+1.41400E-03,+180.66583E-03,+1.45863698E+00
+1.41500E-03,+152.02261E-03,+1.46114955E+00
+1.41600E-03,+124.88693E-03,+1.46114955E+00
+1.41700E-03,+176.64573E-03,+1.46114955E+00
+1.41800E-03,+184.68593E-03,+1.46366211E+00
+1.41900E-03,+124.38442E-03,+1.44607417E+00
+1.42000E-03,+156.54523E-03,+1.46114955E+00
+1.42100E-03,+184.18342E-03,+1.46114955E+00
+1.42200E-03,+152.02261E-03,+1.46114955E+00
+1.42300E-03,+124.88693E-03,+1.46114955E+00
+1.42400E-03,+168.60553E-03,+1.46114955E+00
+1.42500E-03,+168.10301E-03,+1.46114955E+00
+1.42600E-03,+112.32412E-03,+1.46114955E+00
+1.42700E-03,+152.52513E-03,+1.46114955E+00
+1.42800E-03,+177.14824E-03,+1.46114955E+00
+1.42900E-03,+139.96231E-03,+1.46114955E+00
+1.43000E-03,+128.90703E-03,+1.46114955E+00
+1.43100E-03,+176.64573E-03,+1.46114955E+00
+1.43200E-03,+160.56533E-03,+1.45863698E+00
+1.43300E-03,+112.32412E-03,+1.46114955E+00
+1.43400E-03,+164.58543E-03,+1.46114955E+00
+1.43500E-03,+184.18342E-03,+1.46114955E+00
+1.43600E-03,+135.94221E-03,+1.46114955E+00
+1.43700E-03,+153.02764E-03,+1.46114955E+00
+1.43800E-03,+200.76633E-03,+1.46114955E+00
+1.43900E-03,+184.68593E-03,+1.46114955E+00
+1.44000E-03,+140.46482E-03,+1.44356161E+00
+1.44100E-03,+189.20854E-03,+1.46114955E+00
+1.44200E-03,+197.24874E-03,+1.46114955E+00
+1.44300E-03,+143.98241E-03,+1.45863698E+00
+1.44400E-03,+148.50502E-03,+1.45863698E+00
+1.44500E-03,+180.16332E-03,+1.46114955E+00
+1.44600E-03,+148.50502E-03,+1.46114955E+00
+1.44700E-03,+116.34422E-03,+1.47873748E+00
+1.44800E-03,+168.60553E-03,+1.46114955E+00
+1.44900E-03,+172.62563E-03,+1.46114955E+00
+1.45000E-03,+119.86181E-03,+1.46114955E+00
+1.45100E-03,+149.00754E-03,+1.46366211E+00
+1.45200E-03,+176.64573E-03,+1.46114955E+00
+1.45300E-03,+143.98241E-03,+1.46114955E+00
+1.45400E-03,+124.38442E-03,+1.46114955E+00
+1.45500E-03,+176.64573E-03,+1.46114955E+00
+1.45600E-03,+176.64573E-03,+1.47873748E+00
+1.45700E-03,+119.86181E-03,+1.46114955E+00
+1.45800E-03,+160.06281E-03,+1.44356161E+00
+1.45900E-03,+180.66583E-03,+1.46114955E+00
+1.46000E-03,+140.46482E-03,+1.46114955E+00
+1.46100E-03,+132.42462E-03,+1.46114955E+00
+1.46200E-03,+180.66583E-03,+1.46114955E+00
+1.46300E-03,+176.14322E-03,+1.46114955E+00
+1.46400E-03,+120.36432E-03,+1.46114955E+00
+1.46500E-03,+165.08794E-03,+1.46114955E+00
+1.46600E-03,+180.66583E-03,+1.46114955E+00
+1.46700E-03,+135.94221E-03,+1.46114955E+00
+1.46800E-03,+132.42462E-03,+1.46114955E+00
+1.46900E-03,+168.60553E-03,+1.46114955E+00
+1.47000E-03,+155.54020E-03,+1.44356161E+00
+1.47100E-03,+108.30402E-03,+1.46114955E+00
+1.47200E-03,+161.06784E-03,+1.46114955E+00
+1.47300E-03,+176.14322E-03,+1.46114955E+00
+1.47400E-03,+123.88191E-03,+1.46114955E+00
+1.47500E-03,+136.94724E-03,+1.46114955E+00
+1.47600E-03,+172.62563E-03,+1.46114955E+00
+1.47700E-03,+148.50502E-03,+1.46114955E+00
+1.47800E-03,+124.88693E-03,+1.46114955E+00
+1.47900E-03,+188.70603E-03,+1.46114955E+00
+1.48000E-03,+204.78643E-03,+1.44356161E+00
+1.48100E-03,+152.02261E-03,+1.46114955E+00
+1.48200E-03,+168.60553E-03,+1.46114955E+00
+1.48300E-03,+192.72613E-03,+1.46114955E+00
+1.48400E-03,+164.08291E-03,+1.46114955E+00
+1.48500E-03,+136.94724E-03,+1.46114955E+00
+1.48600E-03,+189.20854E-03,+1.46114955E+00
+1.48700E-03,+192.72613E-03,+1.46114955E+00
+1.48800E-03,+131.92211E-03,+1.46114955E+00
+1.48900E-03,+156.04271E-03,+1.44356161E+00
+1.49000E-03,+172.62563E-03,+1.46114955E+00
+1.49100E-03,+128.90703E-03,+1.46114955E+00
+1.49200E-03,+116.84673E-03,+1.46114955E+00
+1.49300E-03,+173.12814E-03,+1.46114955E+00
+1.49400E-03,+168.60553E-03,+1.46114955E+00
+1.49500E-03,+119.86181E-03,+1.46114955E+00
+1.49600E-03,+160.56533E-03,+1.46114955E+00
+1.49700E-03,+176.64573E-03,+1.44356161E+00
+1.49800E-03,+132.42462E-03,+1.47873748E+00
+1.49900E-03,+132.92714E-03,+1.46114955E+00
+1.50000E-03,+180.66583E-03,+1.46114955E+00
+1.50100E-03,+168.60553E-03,+1.46114955E+00
+1.50200E-03,+120.36432E-03,+1.46114955E+00
+1.50300E-03,+165.08794E-03,+1.46114955E+00
+1.50400E-03,+180.16332E-03,+1.46114955E+00
+1.50500E-03,+128.40452E-03,+1.46114955E+00
+1.50600E-03,+140.96734E-03,+1.46114955E+00
+1.50700E-03,+184.68593E-03,+1.46114955E+00
+1.50800E-03,+164.08291E-03,+1.46114955E+00
+1.50900E-03,+120.36432E-03,+1.46114955E+00
+1.51000E-03,+169.10804E-03,+1.45863698E+00
+1.51100E-03,+180.66583E-03,+1.46114955E+00
+1.51200E-03,+124.38442E-03,+1.46114955E+00
+1.51300E-03,+144.98744E-03,+1.46114955E+00
+1.51400E-03,+184.18342E-03,+1.46114955E+00
+1.51500E-03,+152.52513E-03,+1.47873748E+00
+1.51600E-03,+123.88191E-03,+1.46114955E+00
+1.51700E-03,+172.62563E-03,+1.46114955E+00
+1.51800E-03,+172.12311E-03,+1.46114955E+00
+1.51900E-03,+120.36432E-03,+1.46114955E+00
+1.52000E-03,+161.57035E-03,+1.46114955E+00
+1.52100E-03,+201.26884E-03,+1.46114955E+00
+1.52200E-03,+172.62563E-03,+1.46114955E+00
+1.52300E-03,+153.02764E-03,+1.47873748E+00
+1.52400E-03,+196.74623E-03,+1.46114955E+00
+1.52500E-03,+188.70603E-03,+1.46114955E+00
+1.52600E-03,+128.40452E-03,+1.46114955E+00
+1.52700E-03,+160.56533E-03,+1.46366211E+00
+1.52800E-03,+180.16332E-03,+1.47622492E+00
+1.52900E-03,+135.94221E-03,+1.46114955E+00
+1.53000E-03,+124.88693E-03,+1.45863698E+00
+1.53100E-03,+176.64573E-03,+1.46114955E+00
+1.53200E-03,+168.10301E-03,+1.47873748E+00
+1.53300E-03,+112.32412E-03,+1.46114955E+00
+1.53400E-03,+160.56533E-03,+1.46114955E+00
+1.53500E-03,+172.62563E-03,+1.46114955E+00
+1.53600E-03,+127.90201E-03,+1.44356161E+00
+1.53700E-03,+136.94724E-03,+1.46114955E+00
+1.53800E-03,+184.68593E-03,+1.46114955E+00
+1.53900E-03,+168.10301E-03,+1.46114955E+00
+1.54000E-03,+120.36432E-03,+1.46366211E+00
+1.54100E-03,+172.62563E-03,+1.46114955E+00
+1.54200E-03,+180.66583E-03,+1.46114955E+00
+1.54300E-03,+127.90201E-03,+1.44356161E+00
+1.54400E-03,+145.48995E-03,+1.46114955E+00
+1.54500E-03,+184.68593E-03,+1.46114955E+00
+1.54600E-03,+160.56533E-03,+1.46114955E+00
+1.54700E-03,+127.90201E-03,+1.46114955E+00
+1.54800E-03,+176.64573E-03,+1.45863698E+00
+1.54900E-03,+176.64573E-03,+1.46114955E+00
+1.55000E-03,+123.88191E-03,+1.46114955E+00
+1.55100E-03,+152.52513E-03,+1.46114955E+00
+1.55200E-03,+184.68593E-03,+1.44356161E+00
+1.55300E-03,+152.02261E-03,+1.46114955E+00
+1.55400E-03,+124.88693E-03,+1.46114955E+00
+1.55500E-03,+172.62563E-03,+1.46114955E+00
+1.55600E-03,+172.62563E-03,+1.46366211E+00
+1.55700E-03,+116.84673E-03,+1.46114955E+00
+1.55800E-03,+161.06784E-03,+1.46114955E+00
+1.55900E-03,+192.22362E-03,+1.46114955E+00
+1.56000E-03,+148.50502E-03,+1.46114955E+00
+1.56100E-03,+144.98744E-03,+1.46114955E+00
+1.56200E-03,+201.26884E-03,+1.46114955E+00
+1.56300E-03,+200.26382E-03,+1.46366211E+00
+1.56400E-03,+143.98241E-03,+1.46114955E+00
+1.56500E-03,+177.14824E-03,+1.46114955E+00
+1.56600E-03,+188.70603E-03,+1.46114955E+00
+1.56700E-03,+140.46482E-03,+1.46114955E+00
+1.56800E-03,+136.44472E-03,+1.45863698E+00
+1.56900E-03,+180.16332E-03,+1.46114955E+00
+1.57000E-03,+160.56533E-03,+1.46114955E+00
+1.57100E-03,+112.32412E-03,+1.46114955E+00
+1.57200E-03,+160.56533E-03,+1.44356161E+00
+1.57300E-03,+168.60553E-03,+1.46114955E+00
+1.57400E-03,+119.86181E-03,+1.46114955E+00
+1.57500E-03,+136.94724E-03,+1.46114955E+00
+1.57600E-03,+180.66583E-03,+1.46114955E+00
+1.57700E-03,+160.06281E-03,+1.46366211E+00
+1.57800E-03,+120.36432E-03,+1.44356161E+00
+1.57900E-03,+172.62563E-03,+1.44356161E+00
+1.58000E-03,+176.64573E-03,+1.46366211E+00
+1.58100E-03,+123.88191E-03,+1.46114955E+00
+1.58200E-03,+149.51005E-03,+1.46114955E+00
+1.58300E-03,+184.68593E-03,+1.46114955E+00
+1.58400E-03,+160.06281E-03,+1.46366211E+00
+1.58500E-03,+128.40452E-03,+1.46114955E+00
+1.58600E-03,+176.64573E-03,+1.45863698E+00
+1.58700E-03,+172.12311E-03,+1.46114955E+00
+1.58800E-03,+116.34422E-03,+1.47873748E+00
+1.58900E-03,+156.54523E-03,+1.46114955E+00
+1.59000E-03,+184.68593E-03,+1.44356161E+00
+1.59100E-03,+148.00251E-03,+1.46114955E+00
+1.59200E-03,+128.90703E-03,+1.46114955E+00
+1.59300E-03,+173.12814E-03,+1.46114955E+00
+1.59400E-03,+168.60553E-03,+1.46114955E+00
+1.59500E-03,+116.34422E-03,+1.46114955E+00
+1.59600E-03,+160.56533E-03,+1.46114955E+00
+1.59700E-03,+184.68593E-03,+1.47873748E+00
+1.59800E-03,+143.98241E-03,+1.46114955E+00
+1.59900E-03,+133.42965E-03,+1.46114955E+00
+1.60000E-03,+180.16332E-03,+1.46114955E+00
+1.60100E-03,+164.08291E-03,+1.46114955E+00
+1.60200E-03,+120.86683E-03,+1.46114955E+00
+1.60300E-03,+188.70603E-03,+1.46114955E+00
+1.60400E-03,+212.82663E-03,+1.46114955E+00
+1.60500E-03,+164.08291E-03,+1.46114955E+00
+1.60600E-03,+168.60553E-03,+1.46114955E+00
+1.60700E-03,+200.76633E-03,+1.46114955E+00
+1.60800E-03,+184.18342E-03,+1.48125005E+00
+1.60900E-03,+132.42462E-03,+1.46114955E+00
+1.61000E-03,+169.10804E-03,+1.46114955E+00
+1.61100E-03,+172.62563E-03,+1.46114955E+00
+1.61200E-03,+120.36432E-03,+1.46114955E+00
+1.61300E-03,+140.46482E-03,+1.46114955E+00
+1.61400E-03,+169.10804E-03,+1.46114955E+00
+1.61500E-03,+148.00251E-03,+1.46114955E+00
+1.61600E-03,+112.82663E-03,+1.46114955E+00
+1.61700E-03,+165.08794E-03,+1.46114955E+00
+1.61800E-03,+165.08794E-03,+1.46114955E+00
+1.61900E-03,+112.32412E-03,+1.46114955E+00
+1.62000E-03,+153.02764E-03,+1.46114955E+00
+1.62100E-03,+184.68593E-03,+1.46114955E+00
+1.62200E-03,+152.02261E-03,+1.46114955E+00
+1.62300E-03,+128.40452E-03,+1.46114955E+00
+1.62400E-03,+176.64573E-03,+1.46114955E+00
+1.62500E-03,+176.14322E-03,+1.46366211E+00
+1.62600E-03,+119.86181E-03,+1.46114955E+00
+1.62700E-03,+160.56533E-03,+1.46114955E+00
+1.62800E-03,+184.68593E-03,+1.46114955E+00
+1.62900E-03,+143.98241E-03,+1.46114955E+00
+1.63000E-03,+132.42462E-03,+1.46114955E+00
+1.63100E-03,+176.64573E-03,+1.46114955E+00
+1.63200E-03,+164.08291E-03,+1.46114955E+00
+1.63300E-03,+115.84171E-03,+1.46114955E+00
+1.63400E-03,+164.58543E-03,+1.46114955E+00
+1.63500E-03,+184.18342E-03,+1.46114955E+00
+1.63600E-03,+136.44472E-03,+1.46114955E+00
+1.63700E-03,+139.96231E-03,+1.46114955E+00
+1.63800E-03,+176.64573E-03,+1.44356161E+00
+1.63900E-03,+163.58040E-03,+1.46114955E+00
+1.64000E-03,+116.84673E-03,+1.46114955E+00
+1.64100E-03,+165.08794E-03,+1.45863698E+00
+1.64200E-03,+180.66583E-03,+1.46114955E+00
+1.64300E-03,+128.40452E-03,+1.47873748E+00
+1.64400E-03,+157.04774E-03,+1.44104904E+00
+1.64500E-03,+197.24874E-03,+1.46114955E+00
+1.64600E-03,+180.66583E-03,+1.46114955E+00
+1.64700E-03,+144.48492E-03,+1.46114955E+00
+1.64800E-03,+193.22864E-03,+1.46114955E+00
+1.64900E-03,+196.24372E-03,+1.47873748E+00
+1.65000E-03,+140.46482E-03,+1.46366211E+00
+1.65100E-03,+157.04774E-03,+1.46114955E+00
+1.65200E-03,+184.18342E-03,+1.46114955E+00
+1.65300E-03,+148.00251E-03,+1.46114955E+00
+1.65400E-03,+120.86683E-03,+1.46114955E+00
+1.65500E-03,+172.62563E-03,+1.47873748E+00
+1.65600E-03,+168.60553E-03,+1.46366211E+00
+1.65700E-03,+115.84171E-03,+1.46114955E+00
+1.65800E-03,+152.52513E-03,+1.46114955E+00
+1.65900E-03,+177.14824E-03,+1.46366211E+00
+1.66000E-03,+139.96231E-03,+1.46114955E+00
+1.66100E-03,+124.88693E-03,+1.47873748E+00
+1.66200E-03,+172.62563E-03,+1.46114955E+00
+1.66300E-03,+168.10301E-03,+1.47873748E+00
+1.66400E-03,+112.32412E-03,+1.46114955E+00
+1.66500E-03,+160.56533E-03,+1.46114955E+00
+1.66600E-03,+180.66583E-03,+1.46114955E+00
+1.66700E-03,+139.96231E-03,+1.46114955E+00
+1.66800E-03,+136.94724E-03,+1.47873748E+00
+1.66900E-03,+177.14824E-03,+1.44356161E+00
+1.67000E-03,+160.56533E-03,+1.46114955E+00
+1.67100E-03,+115.84171E-03,+1.46114955E+00
+1.67200E-03,+168.60553E-03,+1.46114955E+00
+1.67300E-03,+180.66583E-03,+1.46114955E+00
+1.67400E-03,+131.92211E-03,+1.47873748E+00
+1.67500E-03,+140.46482E-03,+1.46114955E+00
+1.67600E-03,+176.64573E-03,+1.46114955E+00
+1.67700E-03,+156.04271E-03,+1.47873748E+00
+1.67800E-03,+116.84673E-03,+1.46114955E+00
+1.67900E-03,+169.10804E-03,+1.45863698E+00
+1.68000E-03,+184.18342E-03,+1.46114955E+00
+1.68100E-03,+131.92211E-03,+1.46114955E+00
+1.68200E-03,+152.52513E-03,+1.46114955E+00
+1.68300E-03,+184.18342E-03,+1.46114955E+00
+1.68400E-03,+152.02261E-03,+1.46114955E+00
+1.68500E-03,+132.92714E-03,+1.46114955E+00
+1.68600E-03,+192.72613E-03,+1.46114955E+00
+1.68700E-03,+204.28392E-03,+1.47873748E+00
+1.68800E-03,+148.00251E-03,+1.46114955E+00
+1.68900E-03,+173.12814E-03,+1.46114955E+00
+1.69000E-03,+196.24372E-03,+1.46114955E+00
+1.69100E-03,+160.06281E-03,+1.46114955E+00
+1.69200E-03,+136.44472E-03,+1.46114955E+00
+1.69300E-03,+181.16834E-03,+1.44356161E+00
+1.69400E-03,+176.14322E-03,+1.46114955E+00
+1.69500E-03,+116.34422E-03,+1.46114955E+00
+1.69600E-03,+160.56533E-03,+1.45863698E+00
+1.69700E-03,+176.64573E-03,+1.46114955E+00
+1.69800E-03,+132.42462E-03,+1.46114955E+00
+1.69900E-03,+132.42462E-03,+1.46114955E+00
+1.70000E-03,+180.66583E-03,+1.46114955E+00
+1.70100E-03,+172.12311E-03,+1.46114955E+00
+1.70200E-03,+124.38442E-03,+1.46114955E+00
+1.70300E-03,+168.60553E-03,+1.44356161E+00
+1.70400E-03,+184.68593E-03,+1.45863698E+00
+1.70500E-03,+135.94221E-03,+1.45863698E+00
+1.70600E-03,+140.46482E-03,+1.46366211E+00
+1.70700E-03,+173.12814E-03,+1.46114955E+00
+1.70800E-03,+156.04271E-03,+1.46114955E+00
+1.70900E-03,+115.84171E-03,+1.46114955E+00
+1.71000E-03,+168.60553E-03,+1.46114955E+00
+1.71100E-03,+176.14322E-03,+1.46114955E+00
+1.71200E-03,+124.38442E-03,+1.46114955E+00
+1.71300E-03,+144.48492E-03,+1.46114955E+00
+1.71400E-03,+176.64573E-03,+1.46114955E+00
+1.71500E-03,+148.00251E-03,+1.46114955E+00
+1.71600E-03,+120.36432E-03,+1.46114955E+00
+1.71700E-03,+172.62563E-03,+1.46114955E+00
+1.71800E-03,+176.64573E-03,+1.45863698E+00
+1.71900E-03,+124.38442E-03,+1.46114955E+00
+1.72000E-03,+152.52513E-03,+1.46114955E+00
+1.72100E-03,+180.66583E-03,+1.46114955E+00
+1.72200E-03,+144.48492E-03,+1.46114955E+00
+1.72300E-03,+121.36935E-03,+1.45863698E+00
+1.72400E-03,+173.12814E-03,+1.46114955E+00
+1.72500E-03,+172.62563E-03,+1.45863698E+00
+1.72600E-03,+123.88191E-03,+1.46114955E+00
+1.72700E-03,+169.10804E-03,+1.44607417E+00
+1.72800E-03,+200.76633E-03,+1.46114955E+00
+1.72900E-03,+160.06281E-03,+1.46114955E+00
+1.73000E-03,+152.52513E-03,+1.46114955E+00
+1.73100E-03,+193.22864E-03,+1.44356161E+00
+1.73200E-03,+184.68593E-03,+1.47873748E+00
+1.73300E-03,+132.42462E-03,+1.46114955E+00
+1.73400E-03,+172.62563E-03,+1.46114955E+00
+1.73500E-03,+185.18844E-03,+1.47873748E+00
+1.73600E-03,+139.96231E-03,+1.46114955E+00
+1.73700E-03,+136.94724E-03,+1.46366211E+00
+1.73800E-03,+176.64573E-03,+1.46114955E+00
+1.73900E-03,+160.06281E-03,+1.46114955E+00
+1.74000E-03,+116.34422E-03,+1.46114955E+00
+1.74100E-03,+161.06784E-03,+1.45863698E+00
+1.74200E-03,+176.14322E-03,+1.47873748E+00
+1.74300E-03,+123.88191E-03,+1.46114955E+00
+1.74400E-03,+148.50502E-03,+1.46114955E+00
+1.74500E-03,+188.70603E-03,+1.46114955E+00
+1.74600E-03,+168.10301E-03,+1.46366211E+00
+1.74700E-03,+132.42462E-03,+1.46114955E+00
+1.74800E-03,+177.14824E-03,+1.44356161E+00
+1.74900E-03,+180.66583E-03,+1.46114955E+00
+1.75000E-03,+127.90201E-03,+1.46114955E+00
+1.75100E-03,+148.50502E-03,+1.46114955E+00
+1.75200E-03,+173.12814E-03,+1.46114955E+00
+1.75300E-03,+143.98241E-03,+1.46114955E+00
+1.75400E-03,+117.34925E-03,+1.46114955E+00
+1.75500E-03,+172.62563E-03,+1.44356161E+00
+1.75600E-03,+172.12311E-03,+1.46114955E+00
+1.75700E-03,+116.34422E-03,+1.44356161E+00
+1.75800E-03,+153.02764E-03,+1.46114955E+00
+1.75900E-03,+176.64573E-03,+1.46114955E+00
+1.76000E-03,+140.46482E-03,+1.46114955E+00
+1.76100E-03,+128.90703E-03,+1.44356161E+00
+1.76200E-03,+181.16834E-03,+1.46114955E+00
+1.76300E-03,+180.16332E-03,+1.44356161E+00
+1.76400E-03,+124.38442E-03,+1.46114955E+00
+1.76500E-03,+164.58543E-03,+1.46114955E+00
+1.76600E-03,+177.14824E-03,+1.46114955E+00
+1.76700E-03,+135.94221E-03,+1.46114955E+00
+1.76800E-03,+145.48995E-03,+1.46114955E+00
+1.76900E-03,+200.76633E-03,+1.46114955E+00
+1.77000E-03,+196.74623E-03,+1.46114955E+00
+1.77100E-03,+144.98744E-03,+1.47873748E+00
+1.77200E-03,+185.18844E-03,+1.44356161E+00
+1.77300E-03,+196.74623E-03,+1.46114955E+00
+1.77400E-03,+143.98241E-03,+1.46114955E+00
+1.77500E-03,+149.00754E-03,+1.46114955E+00
+1.77600E-03,+185.18844E-03,+1.46114955E+00
+1.77700E-03,+164.08291E-03,+1.46114955E+00
+1.77800E-03,+120.36432E-03,+1.45863698E+00
+1.77900E-03,+168.60553E-03,+1.46114955E+00
+1.78000E-03,+172.62563E-03,+1.46114955E+00
+1.78100E-03,+120.36432E-03,+1.46114955E+00
+1.78200E-03,+148.50502E-03,+1.46114955E+00
+1.78300E-03,+180.66583E-03,+1.46114955E+00
+1.78400E-03,+152.02261E-03,+1.47873748E+00
+1.78500E-03,+124.38442E-03,+1.46114955E+00
+1.78600E-03,+176.14322E-03,+1.46114955E+00
+1.78700E-03,+176.14322E-03,+1.46114955E+00
+1.78800E-03,+120.36432E-03,+1.46114955E+00
+1.78900E-03,+157.04774E-03,+1.46114955E+00
+1.79000E-03,+184.68593E-03,+1.46114955E+00
+1.79100E-03,+152.02261E-03,+1.46114955E+00
+1.79200E-03,+128.90703E-03,+1.46114955E+00
+1.79300E-03,+177.14824E-03,+1.44356161E+00
+1.79400E-03,+172.62563E-03,+1.46114955E+00
+1.79500E-03,+120.36432E-03,+1.46114955E+00
+1.79600E-03,+161.06784E-03,+1.46114955E+00
+1.79700E-03,,
